EmployeeID,Age,Gender,JobRole,TenureYears,WorkHoursPerWeek,WFH_percent,SleepHours,OvertimeHours,MeetingsPerDay,BreaksPerDay,ManagerRating,StressScore,ProductivityScore,BurnoutRisk
1,58,Male,Data Analyst,5.8,,28.3,,3.2,5,2,2.4,29.9,30.0,Low
2,48,Other,QA Tester,14.0,50.6,3.8,3.3,23.1,5,1,2.7,23.9,26.3,Low
3,34,Male,Data Analyst,8.1,68.6,99.5,6.0,20.7,0,1,1.6,37.2,55.9,Medium
4,27,,Team Lead,14.1,47.1,48.2,3.3,22.2,6,0,1.7,75.2,27.8,Medium
5,40,M,QA Tester,3.3,48.4,75.6,3.8,22.0,3,3,,24.8,78.2,Medium
6,58,Female,Team Lead,10.9,46.1,45.2,7.8,14.1,2,4,1.5,57.2,97.5,Medium
7,38,F,Support Engineer,9.3,64.5,4.3,10.0,6.3,7,2,1.7,34.2,65.6,Medium
8,42,Male,Product Manager,11.1,55.1,31.0,4.0,16.1,1,1,1.8,84.6,38.8,High
9,30,Male,Business Analyst,,76.9,32.0,6.6,28.7,8,4,1.4,10.6,87.5,Low
10,30,Other,QA Tester,10.0,38.8,83.8,10.3,17.7,7,4,3.6,30.1,88.2,Medium
11,43,M,QA Tester,7.5,30.5,65.4,9.5,0.3,7,4,5.0,64.5,78.6,Low
12,55,Male,Business Analyst,11.1,46.6,27.5,7.2,,2,3,4.5,18.7,69.2,Medium
13,59,M,Team Lead,4.9,58.9,96.8,9.2,29.8,3,1,1.2,52.0,89.4,Low
14,43,Male,Support Engineer,13.4,72.3,32.2,7.2,2.2,1,2,2.7,49.3,33.1,Low
15,22,Female,HR Manager,1.3,44.0,99.8,4.3,,1,1,,86.7,94.5,Low
16,41,F,Business Analyst,12.1,61.0,99.6,4.0,10.6,3,0,,66.3,95.8,Low
17,21,Male,Product Manager,12.9,44.3,19.1,4.5,29.1,5,2,4.4,67.6,89.8,Medium
18,43,M,Data Analyst,12.3,58.9,31.3,5.8,9.6,4,1,,95.7,40.1,High
19,49,Female,Team Lead,7.7,73.7,48.6,10.4,12.3,0,2,4.7,98.4,88.7,Low
20,57,Male,Business Analyst,6.6,37.7,66.4,9.4,19.0,9,0,,68.8,59.8,Medium
21,21,,Business Analyst,14.9,47.2,52.8,6.5,0.7,0,5,3.7,57.0,67.6,Medium
22,40,F,QA Tester,3.4,79.6,96.9,6.9,26.9,5,2,3.6,64.7,87.2,Low
23,52,Male,Data Analyst,8.2,72.8,72.4,5.1,15.6,2,5,1.9,44.4,22.4,Low
24,31,Female,Data Analyst,,56.1,21.2,8.6,14.0,2,4,1.5,98.9,49.0,Low
25,41,Other,Product Manager,10.5,53.4,10.5,9.4,25.8,6,3,2.7,73.5,85.3,Medium
26,44,Female,Data Analyst,3.1,,,,28.6,0,0,1.7,36.2,85.1,Low
27,46,Female,Business Analyst,9.8,53.4,15.8,3.3,12.7,0,2,1.4,15.2,87.9,Low
28,47,Other,HR Manager,12.3,71.6,78.8,8.0,5.2,9,0,2.2,14.0,33.5,Low
29,35,,Software Engineer,0.8,62.7,31.1,7.5,24.5,2,4,4.4,28.4,76.5,Medium
30,34,Other,Team Lead,13.7,41.0,32.7,6.2,12.1,7,5,1.1,31.0,31.7,Medium
31,22,Male,Software Engineer,0.4,,1.1,8.2,28.1,0,3,,47.4,82.8,Low
32,56,Other,Business Analyst,5.3,39.6,70.1,7.4,28.5,9,0,2.7,29.3,39.6,Medium
33,26,Other,Software Engineer,0.2,34.3,11.3,,3.4,3,5,3.0,66.8,79.0,Medium
34,40,F,Business Analyst,1.2,30.3,77.3,6.2,28.7,8,4,1.7,29.0,56.4,Low
35,28,Other,Software Engineer,13.7,48.1,49.2,6.4,11.0,3,4,4.9,26.9,98.9,Low
36,58,Other,Data Analyst,5.3,31.2,78.4,10.0,19.4,9,4,3.3,52.4,66.4,Medium
37,37,Male,Support Engineer,6.4,34.5,,,1.0,7,5,3.1,90.0,70.6,Medium
38,23,F,Data Analyst,3.2,55.1,8.2,10.1,26.7,6,2,1.0,52.1,49.5,Medium
39,44,M,Data Analyst,9.0,34.1,76.6,8.8,19.2,2,1,2.9,47.2,78.8,Medium
40,33,Male,Product Manager,8.9,28.5,7.0,7.7,19.3,6,0,4.4,62.0,59.6,Low
41,28,Male,QA Tester,5.6,42.5,47.9,,27.1,6,1,1.9,33.1,21.4,Low
42,45,M,QA Tester,5.0,37.1,,10.5,15.3,9,4,2.4,41.8,68.7,Medium
43,21,Other,Software Engineer,13.3,53.3,75.2,5.0,12.3,2,1,1.1,29.2,86.4,Medium
44,39,,Business Analyst,5.7,30.6,91.2,7.3,26.0,1,5,4.9,61.5,38.9,Low
45,47,F,Product Manager,7.4,66.3,55.4,8.5,22.3,8,4,1.3,72.8,37.7,High
46,26,Female,Data Analyst,4.2,74.8,52.7,8.4,28.5,0,4,4.6,70.6,68.7,Medium
47,27,M,Product Manager,11.8,65.9,76.4,5.0,28.2,6,3,2.3,32.9,85.4,Low
48,54,Male,Software Engineer,6.0,54.3,0.5,7.7,11.5,3,3,3.4,80.2,40.0,Medium
49,33,Male,QA Tester,,72.3,91.8,9.4,13.4,1,5,3.7,33.0,94.6,Low
50,36,F,Support Engineer,3.8,63.2,19.7,6.8,,1,5,1.6,23.5,94.2,Medium
51,55,,Team Lead,14.8,25.6,98.4,9.3,19.8,7,1,2.8,41.5,36.0,Medium
52,59,Male,Software Engineer,4.4,46.7,73.6,,10.9,6,0,2.3,63.8,41.1,Low
53,23,F,Product Manager,11.6,71.8,77.4,10.5,23.6,6,1,1.2,22.8,76.0,High
54,21,F,Support Engineer,6.4,44.0,65.6,7.3,3.6,4,5,4.3,68.3,96.1,Medium
55,25,M,Team Lead,3.1,26.9,47.2,7.8,3.5,9,0,1.2,87.7,76.8,Low
56,23,Male,HR Manager,12.0,66.0,,3.3,6.1,7,1,3.6,36.4,55.6,Low
57,48,Male,Software Engineer,5.0,69.1,4.6,4.4,2.5,1,2,2.3,50.5,33.5,Low
58,37,M,Software Engineer,13.0,33.8,62.4,,18.6,1,2,1.8,30.5,56.9,High
59,45,Other,HR Manager,13.7,54.6,62.6,6.4,4.4,4,0,3.7,42.5,68.5,Low
60,53,Other,HR Manager,12.9,,89.1,7.1,4.8,0,3,3.3,12.0,46.5,Low
61,29,Other,Software Engineer,0.5,64.6,50.6,3.5,0.4,5,0,2.3,95.8,60.8,Low
62,55,M,HR Manager,11.8,39.9,7.7,9.7,23.5,3,1,3.1,47.4,30.4,Low
63,33,,Data Analyst,6.2,42.4,30.6,9.3,24.4,5,4,2.0,81.0,56.2,Medium
64,50,M,Team Lead,13.1,71.5,65.6,4.5,4.9,6,2,4.5,22.8,27.3,Medium
65,34,M,Team Lead,,51.2,23.9,8.1,22.2,2,4,2.3,83.1,23.9,Medium
66,27,Other,Team Lead,12.5,61.8,28.1,9.5,,7,2,2.0,87.4,88.6,Medium
67,33,Female,Data Analyst,7.5,47.1,82.0,8.1,7.2,6,1,4.0,74.4,36.4,Medium
68,42,Male,Business Analyst,8.0,41.4,58.4,5.5,18.6,0,2,1.1,91.3,66.0,Low
69,59,Other,HR Manager,2.2,59.4,50.9,8.2,5.4,5,0,2.1,25.0,31.9,Low
70,40,Female,Support Engineer,11.8,33.5,31.8,4.7,22.7,6,4,2.5,52.9,41.0,Low
71,35,Female,HR Manager,6.3,45.5,73.1,5.5,1.4,3,5,4.5,65.8,48.9,Medium
72,37,F,Software Engineer,7.5,36.5,28.8,4.9,28.8,1,4,4.8,63.7,31.5,High
73,43,Male,QA Tester,11.8,63.3,73.7,7.5,2.2,9,1,3.9,87.5,23.7,Low
74,45,Female,Product Manager,9.0,76.9,7.0,3.9,17.4,8,5,3.0,29.4,90.2,Low
75,44,Other,Product Manager,3.0,,86.5,10.5,27.1,6,4,3.6,25.8,20.9,Low
76,48,F,Team Lead,8.9,49.8,50.0,5.7,0.4,0,1,2.7,32.8,24.9,High
77,34,Male,HR Manager,6.1,38.9,43.9,4.8,15.0,7,3,2.2,90.2,84.4,High
78,20,M,Support Engineer,7.0,,61.1,,10.5,2,0,,94.7,42.6,Low
79,44,Other,Software Engineer,0.4,71.6,,5.2,17.4,3,2,1.5,61.3,77.8,Medium
80,26,Female,Data Analyst,3.2,36.3,13.2,7.3,,4,2,2.4,55.1,31.7,Medium
81,28,Female,Business Analyst,4.2,77.4,75.6,5.8,1.9,0,2,4.6,64.5,39.0,Low
82,43,Other,Data Analyst,10.7,43.8,27.6,4.1,18.8,5,3,3.9,65.5,65.8,Low
83,20,Female,Support Engineer,0.2,79.2,90.5,5.1,12.5,9,0,,25.3,99.1,Medium
84,27,F,Software Engineer,6.1,71.1,81.8,,,5,4,1.1,71.8,25.9,Low
85,43,Male,Team Lead,13.9,69.5,34.6,3.2,6.3,1,4,3.1,50.7,52.0,Low
86,30,F,HR Manager,1.7,42.5,80.8,9.2,10.2,9,0,2.9,56.6,23.4,Low
87,36,Female,Software Engineer,7.7,25.5,35.6,8.0,16.9,5,5,2.8,12.7,35.9,Medium
88,27,M,Product Manager,,46.0,10.1,7.8,17.8,7,0,2.2,78.8,92.6,High
89,54,Male,Business Analyst,14.1,,96.2,7.4,11.2,5,2,4.9,85.2,27.7,Medium
90,54,Male,Data Analyst,11.2,27.1,65.3,7.7,8.4,3,4,2.1,65.7,88.5,Low
91,52,,Business Analyst,10.8,52.8,45.6,10.5,8.2,3,0,3.0,77.4,34.2,Low
92,24,Other,Business Analyst,12.4,47.2,,3.1,5.2,8,4,2.6,57.0,88.9,Medium
93,58,M,Support Engineer,6.7,59.9,32.5,3.4,9.8,5,0,1.7,65.7,63.0,Low
94,47,Male,Support Engineer,12.1,59.2,98.1,4.5,6.0,7,1,1.8,45.5,90.3,Medium
95,26,M,HR Manager,0.1,31.6,,4.3,19.0,7,2,4.7,81.3,32.1,Low
96,28,Other,Support Engineer,13.9,78.7,31.5,4.4,17.1,6,0,4.4,52.1,81.0,Medium
97,27,Other,Support Engineer,6.6,35.3,48.5,8.4,11.5,2,3,1.8,71.2,74.5,High
98,31,Male,Software Engineer,8.3,49.5,47.8,6.7,9.8,9,0,4.5,65.9,63.4,High
99,53,F,Product Manager,3.8,,47.1,10.9,7.1,0,1,1.8,73.2,84.8,Low
100,52,Female,Team Lead,11.1,69.7,17.6,4.8,16.1,4,3,3.5,80.7,71.9,Medium
101,42,Other,HR Manager,1.1,30.5,14.5,,27.6,9,3,1.3,56.1,90.2,Low
102,43,Other,Software Engineer,13.1,48.6,25.5,10.9,,9,0,4.5,83.2,50.5,Medium
103,56,F,Team Lead,12.4,59.6,,9.7,22.3,1,1,1.2,54.8,67.2,Low
104,54,F,Business Analyst,3.2,36.8,11.3,,25.0,9,3,3.2,96.1,89.6,Medium
105,59,M,Software Engineer,12.1,59.5,75.7,7.4,10.5,1,2,4.1,77.7,37.2,Low
106,41,M,QA Tester,11.8,75.8,75.8,9.7,,6,5,1.5,25.4,58.9,High
107,46,Female,Software Engineer,9.5,,81.0,6.8,18.7,2,2,,84.7,96.9,Medium
108,54,Female,Support Engineer,5.6,26.8,88.7,4.6,5.7,7,4,1.2,59.6,57.9,Low
109,20,Male,Team Lead,4.1,38.0,26.3,9.6,17.1,8,4,3.7,98.6,40.2,High
110,54,M,HR Manager,3.5,42.1,22.5,7.3,22.2,7,1,2.2,74.7,48.1,Low
111,56,Other,HR Manager,4.8,47.0,46.6,4.2,23.5,5,3,3.2,17.6,90.8,High
112,33,,Team Lead,13.6,38.3,26.5,7.0,9.1,4,2,4.7,45.5,96.4,Medium
113,22,Other,Support Engineer,1.2,36.2,73.4,6.3,15.4,2,2,2.2,56.6,96.0,High
114,20,F,Data Analyst,12.4,,,10.0,18.6,2,5,1.2,85.5,75.9,Low
115,24,M,Software Engineer,5.2,75.5,87.5,4.0,24.6,6,1,3.7,75.6,60.8,Low
116,45,F,Support Engineer,7.8,27.6,8.3,10.0,22.8,4,3,4.1,43.2,34.6,Medium
117,33,Female,QA Tester,11.9,43.6,91.5,7.1,29.6,5,1,4.8,68.8,29.9,High
118,58,Female,Product Manager,13.3,47.3,29.3,6.2,0.2,5,0,1.6,61.9,24.8,Low
119,46,Male,Business Analyst,5.2,38.1,49.1,4.3,13.1,8,2,2.6,21.3,21.4,Low
120,28,,Team Lead,6.9,59.6,43.9,8.6,7.7,0,1,4.4,31.1,90.2,Low
121,34,,Product Manager,6.2,60.2,76.0,10.4,3.6,7,1,4.2,40.7,84.7,High
122,34,Other,Software Engineer,0.2,71.8,42.0,6.0,27.3,9,5,3.5,27.6,65.4,Medium
123,45,Female,HR Manager,4.4,65.7,94.4,4.9,29.9,4,0,2.1,23.5,99.9,Low
124,32,Female,Business Analyst,6.9,54.8,90.3,7.4,5.4,5,4,2.1,15.2,96.2,Low
125,51,Other,Product Manager,6.2,60.9,87.2,9.4,1.2,5,2,1.5,88.6,72.4,Medium
126,58,F,Data Analyst,,40.1,7.1,3.0,8.3,0,5,,36.0,57.2,Low
127,51,F,Product Manager,,57.6,85.4,8.1,25.0,2,1,1.7,36.1,32.2,Medium
128,23,M,QA Tester,7.3,51.9,78.2,7.8,8.8,5,2,3.3,28.6,61.2,Low
129,49,M,HR Manager,6.4,32.3,10.4,5.5,1.7,8,4,,52.8,32.6,Medium
130,56,Male,Team Lead,11.1,38.3,10.7,6.6,,5,1,2.5,56.3,51.9,High
131,42,Female,Software Engineer,12.9,41.0,10.1,5.0,12.8,5,0,2.4,28.7,95.4,Medium
132,58,M,Team Lead,8.0,,1.1,9.3,28.0,0,2,3.7,64.8,47.4,Low
133,34,F,Business Analyst,11.8,37.7,54.9,8.1,8.6,8,5,2.6,75.1,32.2,Medium
134,48,,Software Engineer,4.5,40.9,97.3,7.3,12.8,3,0,2.0,43.6,66.6,Low
135,55,F,Support Engineer,8.1,45.3,43.9,6.1,3.1,1,4,2.6,62.7,68.2,High
136,32,Female,Data Analyst,5.2,61.5,54.1,5.3,14.8,0,4,4.2,55.2,35.5,Low
137,51,F,Support Engineer,6.2,31.5,96.8,9.6,20.9,2,2,4.9,27.6,35.7,High
138,26,Male,Support Engineer,11.0,,25.5,6.6,8.1,2,4,3.5,75.7,99.2,Low
139,41,Female,Team Lead,13.2,72.6,85.8,7.0,8.9,4,3,,82.1,39.5,Low
140,47,Other,Business Analyst,,56.7,54.6,7.2,25.3,0,5,3.1,68.4,87.1,Low
141,21,Male,Data Analyst,9.5,,56.9,6.6,0.3,6,2,3.5,39.2,57.6,High
142,25,Female,Product Manager,8.7,25.9,34.3,5.0,19.1,0,3,5.0,93.4,54.8,High
143,47,Other,Software Engineer,1.8,43.6,,4.0,11.8,3,4,,51.0,43.6,Low
144,47,Male,Software Engineer,3.2,68.8,7.3,3.8,9.0,5,2,1.3,33.9,81.9,Low
145,39,Male,QA Tester,4.7,,76.5,9.1,19.7,0,3,4.8,46.7,90.5,Low
146,49,Female,HR Manager,2.5,40.5,28.5,4.8,25.0,6,4,4.2,72.3,40.9,Low
147,30,M,QA Tester,3.7,57.2,88.8,3.4,,9,1,2.6,86.1,27.6,Medium
148,47,Male,Product Manager,4.0,39.1,36.8,9.4,,6,1,4.9,42.1,31.0,Low
149,44,Male,QA Tester,5.0,76.4,14.3,4.2,13.8,2,0,2.4,30.9,83.4,Medium
150,58,Other,Software Engineer,11.2,32.2,69.6,8.0,13.9,3,1,2.5,66.4,54.9,Medium
151,52,F,Team Lead,8.6,68.9,16.5,5.7,16.3,5,3,3.4,92.9,30.6,Medium
152,20,Female,Support Engineer,14.8,52.9,,,20.1,6,5,2.1,26.5,47.2,High
153,46,Female,Business Analyst,6.2,66.3,,6.3,,3,1,3.8,82.3,61.1,Low
154,32,M,Support Engineer,11.3,42.1,78.0,3.1,15.1,9,2,1.6,52.9,88.2,Low
155,22,M,Support Engineer,13.1,53.3,2.2,9.7,17.6,8,2,1.4,82.0,71.3,Medium
156,58,Female,Data Analyst,10.2,72.1,60.0,7.1,10.3,8,2,,55.5,34.1,Low
157,25,M,Software Engineer,6.2,50.7,69.5,4.1,20.1,8,1,3.2,44.0,32.7,Low
158,27,Other,Product Manager,11.3,44.8,82.5,4.9,6.8,9,1,1.4,72.7,53.0,High
159,46,Female,Product Manager,3.1,54.5,5.6,6.6,9.5,5,0,4.9,91.1,26.0,Medium
160,28,M,Business Analyst,4.9,64.5,48.0,4.5,28.9,1,5,3.3,38.8,80.4,Low
161,56,Female,Team Lead,8.2,,,5.1,10.4,1,5,1.6,51.5,52.1,Medium
162,52,F,Data Analyst,8.6,76.6,16.9,7.3,,3,4,2.2,30.6,47.4,Low
163,43,Male,HR Manager,0.3,41.2,32.2,9.7,17.9,8,0,4.2,26.5,60.7,High
164,34,Female,Team Lead,14.2,51.2,44.0,6.2,29.1,2,3,,80.0,76.7,Low
165,51,Male,QA Tester,10.4,66.6,83.3,8.7,29.5,5,2,1.8,28.1,65.5,Medium
166,51,M,Team Lead,,62.9,92.9,10.0,17.4,1,1,1.4,81.4,84.2,Medium
167,43,Male,Team Lead,14.0,72.5,62.8,4.7,,0,4,2.7,48.6,70.3,Medium
168,31,Female,Support Engineer,,79.8,39.5,9.5,27.0,4,4,2.3,99.6,83.0,Medium
169,58,,Team Lead,14.7,,25.4,9.1,17.1,7,1,3.6,27.8,75.7,High
170,21,,Product Manager,7.7,31.1,98.2,5.9,11.0,9,0,4.7,18.4,35.4,Medium
171,22,Female,QA Tester,1.7,26.7,98.3,10.9,24.9,9,4,2.0,16.8,24.2,Low
172,56,M,QA Tester,11.5,65.0,92.5,5.1,12.0,1,5,4.4,85.2,92.3,Medium
173,36,Other,Software Engineer,10.2,73.1,78.6,5.0,1.0,9,0,4.7,49.4,95.7,High
174,21,Male,Team Lead,11.6,37.1,32.6,9.2,24.6,8,1,4.6,10.3,78.2,Low
175,21,Other,Support Engineer,14.3,33.7,81.7,6.5,16.4,7,0,4.8,88.7,77.9,Medium
176,47,Female,Team Lead,,28.4,40.9,5.6,10.1,2,5,4.4,88.9,41.6,Medium
177,42,F,HR Manager,9.2,70.2,,4.4,7.5,0,2,3.4,82.6,63.4,Low
178,56,M,HR Manager,12.9,42.1,74.5,9.1,17.8,3,1,2.6,32.3,99.4,Low
179,51,Male,Support Engineer,10.1,,8.0,9.3,,7,5,3.0,43.5,88.5,High
180,52,M,Software Engineer,6.1,52.7,4.9,7.5,9.7,2,1,4.5,77.0,44.4,Medium
181,20,Female,Software Engineer,13.3,71.2,44.8,,19.1,9,5,2.2,54.0,44.1,Low
182,38,M,QA Tester,3.3,60.8,44.6,5.5,26.4,1,5,1.6,23.8,58.7,High
183,21,Male,QA Tester,10.7,58.8,,4.8,16.0,6,4,1.6,31.9,52.4,Medium
184,45,Female,Data Analyst,13.2,34.7,12.6,8.4,22.8,3,4,4.3,97.5,49.7,Medium
185,51,M,Support Engineer,11.0,53.2,12.3,9.1,22.9,5,4,4.0,23.6,70.2,Low
186,25,F,Team Lead,10.5,64.3,14.7,4.8,19.9,4,2,3.0,75.3,20.9,High
187,51,Female,Business Analyst,11.3,78.5,3.0,3.6,,1,2,2.1,53.0,81.1,Medium
188,23,Female,Support Engineer,7.0,36.1,7.2,,,9,5,3.7,77.4,79.2,Medium
189,30,F,Data Analyst,13.1,25.5,66.0,10.8,13.1,1,3,1.2,69.5,86.4,Low
190,36,Other,QA Tester,3.1,29.1,,,1.3,8,1,3.3,49.5,87.3,Low
191,57,,Support Engineer,1.9,45.7,76.4,5.2,7.3,9,4,2.6,41.9,65.3,Low
192,43,Other,Support Engineer,4.3,70.1,99.3,11.0,23.0,1,1,4.9,77.9,82.4,High
193,24,M,QA Tester,8.0,25.4,65.9,10.1,2.1,7,5,3.0,39.1,59.4,Low
194,53,F,Product Manager,,50.1,5.0,7.1,4.4,7,0,3.2,80.9,96.1,Medium
195,25,Other,Data Analyst,12.3,43.1,,9.6,20.8,0,5,3.8,71.2,35.3,Low
196,41,Female,QA Tester,6.1,,88.1,9.5,26.8,0,2,2.9,62.0,93.2,Low
197,30,M,Software Engineer,7.3,49.8,52.7,10.5,19.0,3,3,1.9,43.2,40.7,Low
198,35,M,Team Lead,,39.0,82.5,9.7,6.7,1,0,3.1,28.5,28.2,Medium
199,52,Other,QA Tester,6.1,44.4,85.7,8.1,1.6,0,1,,73.9,55.1,Medium
200,28,Other,Data Analyst,9.7,63.8,92.8,7.9,18.5,8,2,2.6,18.2,69.2,High
201,25,F,HR Manager,0.2,53.7,95.0,6.7,1.4,2,4,3.7,97.3,38.5,High
202,35,Male,Software Engineer,4.2,31.9,55.5,8.0,18.4,0,0,4.9,98.1,64.5,Low
203,48,Other,HR Manager,3.1,77.9,34.1,,6.8,1,2,4.3,21.7,84.6,High
204,22,Other,Business Analyst,0.6,60.0,96.2,10.8,27.1,7,1,3.6,19.4,40.6,Medium
205,39,Female,QA Tester,7.2,67.1,54.7,6.7,14.3,4,5,3.9,47.1,66.4,High
206,55,M,Software Engineer,2.7,29.4,6.4,7.6,6.7,6,1,4.7,96.7,47.1,Low
207,38,,Team Lead,11.1,27.6,64.3,6.6,25.6,5,0,4.8,46.0,62.4,High
208,45,,QA Tester,12.7,26.1,58.8,8.3,7.6,0,0,4.9,42.7,73.4,Low
209,22,F,Team Lead,8.2,35.4,89.6,8.0,9.2,5,5,3.5,73.3,48.0,Low
210,38,F,Product Manager,14.7,47.8,65.3,3.1,25.0,6,0,2.5,26.1,99.6,Low
211,39,Other,Support Engineer,6.8,76.5,34.9,7.3,9.3,3,3,1.5,42.7,65.1,Low
212,51,Other,HR Manager,7.7,50.1,96.6,3.7,12.3,7,4,2.5,36.2,86.0,Low
213,26,,Software Engineer,14.8,,,3.2,10.4,7,2,4.8,64.1,78.0,High
214,52,Other,Team Lead,3.5,55.9,63.0,9.3,3.5,6,5,4.6,24.6,88.2,Medium
215,59,Male,Data Analyst,14.1,,29.3,5.1,1.2,1,1,3.1,59.4,33.9,Low
216,58,Other,Team Lead,0.6,58.5,37.4,5.7,21.7,5,1,3.1,87.2,37.8,Low
217,37,M,Data Analyst,6.7,56.3,67.0,,19.4,5,4,2.2,56.3,59.0,Low
218,59,Other,QA Tester,1.1,68.6,7.2,4.4,8.5,6,0,2.8,71.5,88.2,High
219,20,Female,Software Engineer,10.9,79.3,25.7,,8.9,5,0,3.9,16.8,35.8,Low
220,30,Male,Team Lead,9.1,,71.4,,28.4,1,1,2.6,50.4,97.7,Medium
221,47,Female,Business Analyst,10.6,53.0,48.0,,29.6,7,4,1.8,18.5,30.2,Low
222,44,Female,Team Lead,5.6,75.0,40.2,6.2,14.2,3,1,3.2,64.0,34.0,Medium
223,42,M,Product Manager,5.5,68.2,15.1,5.1,,8,0,1.9,35.3,33.4,Low
224,50,Male,Business Analyst,0.7,51.8,44.2,5.8,22.1,7,5,4.9,35.9,66.9,Low
225,49,,Software Engineer,5.2,77.0,77.1,8.7,8.9,2,2,2.6,16.9,93.4,Low
226,54,Male,Product Manager,13.9,28.1,26.4,7.4,1.8,2,0,4.6,37.9,40.4,Low
227,26,Male,Team Lead,5.7,76.2,0.5,10.2,4.3,7,5,1.9,55.6,64.2,Low
228,35,Male,Data Analyst,12.5,27.8,66.9,7.8,25.1,1,2,1.8,62.6,34.1,Medium
229,45,M,Team Lead,12.6,55.1,97.3,6.9,,8,3,3.5,16.0,70.5,Low
230,21,Other,HR Manager,5.6,74.0,,9.3,19.9,3,4,4.1,68.6,29.9,Low
231,20,Female,QA Tester,9.5,39.4,12.0,10.6,3.9,5,5,3.3,54.0,59.3,Low
232,31,Male,Support Engineer,1.4,51.0,,5.8,19.2,2,3,,58.3,72.4,High
233,24,Other,Data Analyst,1.6,42.8,86.8,5.0,23.2,2,0,1.2,85.0,66.3,Medium
234,56,,HR Manager,0.7,77.4,23.3,7.9,25.8,2,4,3.5,40.8,31.2,Medium
235,51,Female,Business Analyst,,70.3,60.8,7.0,0.4,9,5,1.5,25.7,32.9,Low
236,28,M,QA Tester,6.4,,40.3,10.9,,1,0,2.4,59.7,73.7,Low
237,54,,Software Engineer,8.2,57.3,20.8,6.7,0.6,7,4,3.7,95.1,84.7,Low
238,38,F,Data Analyst,7.8,70.1,81.3,3.6,,8,4,1.4,56.6,92.6,Medium
239,35,Other,Support Engineer,5.3,46.6,74.3,,19.1,7,0,1.5,84.9,85.1,Medium
240,22,Female,QA Tester,10.2,49.6,66.2,9.7,4.5,9,0,1.2,78.1,97.9,High
241,39,F,Business Analyst,11.4,65.2,23.6,4.4,23.0,2,5,5.0,56.6,52.7,High
242,43,Other,Product Manager,,44.7,9.8,10.2,2.1,6,4,2.5,68.3,46.5,Low
243,52,M,Product Manager,3.1,28.5,57.6,5.7,,9,5,4.6,46.6,22.3,Low
244,43,F,Support Engineer,10.7,29.1,55.4,6.0,7.9,1,4,2.2,57.8,56.0,Low
245,30,Other,Software Engineer,5.8,31.3,18.8,10.3,20.7,3,5,4.0,55.7,72.1,Low
246,27,Other,Software Engineer,9.9,72.8,5.6,7.2,27.7,5,0,1.9,73.8,85.2,High
247,55,Male,Business Analyst,,51.0,8.1,,10.2,4,0,3.0,46.9,41.4,Low
248,57,M,Data Analyst,5.9,64.2,99.3,6.0,15.1,8,1,4.3,19.0,61.1,High
249,59,Male,Business Analyst,2.4,46.6,78.4,8.8,13.9,9,5,4.3,81.0,73.0,Medium
250,39,,Team Lead,3.9,39.2,92.2,4.4,4.7,3,1,4.2,71.6,64.1,Medium
251,54,Male,Software Engineer,9.1,44.1,19.5,7.7,17.7,4,1,4.3,95.5,41.9,Low
252,44,Male,QA Tester,6.5,68.7,96.1,8.6,22.3,3,3,1.8,48.6,83.7,Medium
253,54,F,Team Lead,11.6,59.4,14.3,5.8,27.5,7,4,2.9,17.0,33.9,Medium
254,44,Other,Product Manager,12.8,76.6,50.9,8.6,25.5,7,2,2.9,20.9,92.4,Low
255,48,M,Product Manager,8.1,62.4,83.0,10.1,15.3,2,3,4.6,79.6,96.2,Low
256,37,Male,HR Manager,11.4,56.4,,6.8,21.6,0,4,2.2,16.1,49.2,Low
257,37,M,Support Engineer,4.6,58.6,,6.1,24.0,5,2,4.7,91.7,50.1,Medium
258,21,Male,Team Lead,6.2,76.8,12.8,5.0,,1,1,2.8,35.3,79.5,Low
259,54,Female,Support Engineer,10.7,68.4,,7.8,3.5,1,2,3.7,90.9,56.5,Medium
260,35,Male,Business Analyst,,26.3,62.0,10.0,13.1,2,0,2.1,79.6,22.3,Medium
261,55,F,Team Lead,8.8,54.4,67.6,,,7,0,2.6,88.4,93.6,Low
262,52,,Business Analyst,2.8,62.9,77.7,6.2,,2,5,3.8,29.3,54.5,Medium
263,23,Female,HR Manager,9.0,66.2,55.7,6.3,21.7,6,4,3.1,63.6,36.3,Low
264,52,Male,Software Engineer,12.9,36.7,64.6,7.5,5.6,9,3,4.7,18.4,64.5,Medium
265,33,M,Product Manager,,,1.4,4.8,28.9,9,1,3.9,28.2,37.5,Low
266,40,Female,HR Manager,10.9,77.6,16.2,9.6,12.1,8,4,3.3,37.9,36.5,Low
267,39,Female,Product Manager,11.2,38.0,98.5,5.4,19.6,7,1,,76.7,63.7,Low
268,27,Male,Software Engineer,8.4,73.5,7.6,8.6,0.6,0,0,3.7,12.2,51.3,Medium
269,26,Female,Business Analyst,8.8,30.3,67.9,7.1,3.8,6,3,3.6,91.3,65.8,Low
270,22,M,Software Engineer,,28.1,17.6,7.7,23.5,6,3,2.0,16.4,99.7,Low
271,36,Female,Product Manager,6.7,32.1,71.7,4.4,29.0,7,0,2.6,43.9,88.7,Low
272,52,M,Product Manager,,28.2,70.6,8.9,9.6,9,2,3.7,17.3,20.6,Low
273,31,Male,Support Engineer,14.4,71.5,23.4,4.5,1.1,4,3,,79.2,24.0,Medium
274,41,Other,QA Tester,6.5,28.2,27.0,3.9,10.8,9,2,,22.7,68.8,Medium
275,41,,HR Manager,8.2,39.9,65.5,,0.5,8,1,1.9,89.6,70.1,High
276,49,Other,Team Lead,8.0,30.7,,8.7,5.8,8,3,3.4,57.7,90.3,Low
277,57,M,Product Manager,9.6,41.2,19.5,3.4,,7,5,1.3,95.4,70.3,Low
278,57,Female,HR Manager,11.2,30.0,73.2,3.6,28.1,5,0,3.9,36.1,38.2,Medium
279,27,F,Support Engineer,3.4,61.7,15.4,9.4,2.6,5,2,3.8,50.9,57.5,Medium
280,46,Other,Software Engineer,7.9,32.3,85.6,9.5,16.7,0,5,2.4,72.5,84.7,Low
281,46,Female,Support Engineer,,71.9,51.5,5.0,7.6,5,1,4.6,84.9,93.8,Medium
282,53,Other,Data Analyst,6.9,,10.6,7.9,4.2,3,1,3.0,47.9,39.0,Medium
283,40,Female,Data Analyst,4.2,25.8,,6.5,6.6,3,3,3.6,90.3,63.2,Low
284,49,Male,Team Lead,9.8,74.3,51.9,8.1,17.3,1,3,1.8,20.6,32.7,Medium
285,52,Other,Support Engineer,12.4,26.6,29.8,9.9,2.0,3,5,2.7,73.8,59.8,Low
286,47,F,Business Analyst,0.9,38.2,42.3,3.6,13.0,4,4,4.4,41.3,27.2,High
287,52,F,Team Lead,11.7,26.8,29.8,9.2,4.1,4,4,1.9,19.1,95.3,Medium
288,24,M,Business Analyst,12.3,43.5,26.3,6.9,8.2,4,3,2.6,44.8,71.0,Low
289,38,Female,Team Lead,6.9,53.3,16.4,7.5,5.7,3,4,2.3,89.2,88.3,Low
290,23,Other,Data Analyst,14.7,68.8,36.3,,26.5,0,0,1.6,98.2,99.9,High
291,54,M,Team Lead,11.8,43.6,25.1,10.4,21.2,9,5,2.2,45.4,34.6,Medium
292,36,Other,Data Analyst,11.6,,68.3,3.5,26.1,7,0,1.9,89.8,75.5,Low
293,47,Female,Product Manager,,35.3,68.4,,,2,4,4.7,55.9,91.0,Medium
294,49,F,Software Engineer,,66.3,50.2,4.4,9.4,1,3,4.0,74.5,66.1,Medium
295,48,Male,Business Analyst,3.3,38.0,77.8,10.9,11.4,8,0,,14.1,71.2,Low
296,25,F,Support Engineer,7.0,32.9,,8.7,0.6,6,1,,60.2,52.6,Low
297,54,M,Product Manager,4.0,35.2,58.0,7.9,21.7,8,3,1.1,16.3,74.0,Medium
298,56,Male,Product Manager,6.2,35.0,61.9,,10.5,1,5,3.1,34.2,51.6,Low
299,43,M,Team Lead,13.3,53.2,28.3,10.0,,8,2,2.0,61.0,58.1,Low
300,48,Female,Data Analyst,12.4,71.5,89.5,9.5,17.9,9,2,1.5,82.6,28.2,Medium
301,50,Male,HR Manager,9.5,29.4,2.4,8.3,13.1,8,3,4.5,60.5,20.6,Medium
302,54,M,Business Analyst,12.9,63.9,34.9,5.7,29.4,8,4,1.8,94.3,24.4,Low
303,52,Female,Product Manager,11.8,61.0,72.2,3.6,10.7,9,0,4.3,82.9,35.4,Low
304,40,F,Team Lead,6.4,73.0,8.0,7.6,18.4,9,0,2.7,24.1,56.5,Medium
305,51,Female,QA Tester,3.0,38.4,18.3,8.8,9.3,3,3,1.1,45.0,21.7,Medium
306,42,Other,Software Engineer,7.7,49.8,58.9,3.8,29.7,9,1,3.9,70.2,32.5,Medium
307,52,Female,Software Engineer,11.0,75.9,56.0,8.1,13.4,2,5,3.4,94.5,82.5,Low
308,22,Female,HR Manager,6.5,61.3,,5.3,19.0,5,4,2.4,98.9,81.0,Medium
309,37,Other,Data Analyst,10.0,46.4,81.3,9.1,3.8,2,1,2.1,78.7,83.2,High
310,44,M,Team Lead,1.4,32.2,12.9,7.3,22.0,8,3,1.3,61.6,93.7,Low
311,50,M,Business Analyst,11.2,39.4,1.8,4.0,,2,3,4.8,78.1,29.5,Low
312,22,Female,Data Analyst,12.2,57.0,69.0,7.2,13.5,1,1,3.0,34.6,33.1,Medium
313,59,Other,Software Engineer,10.6,64.5,30.1,6.2,26.5,7,2,1.3,35.5,46.7,Low
314,43,Other,Data Analyst,14.5,31.8,62.6,4.4,29.1,5,3,4.5,68.9,93.2,Low
315,51,F,Software Engineer,12.4,58.0,15.1,9.7,12.7,7,5,2.1,88.5,82.0,Low
316,41,M,Data Analyst,13.5,55.3,46.9,3.1,25.0,6,4,1.8,97.3,45.9,Low
317,42,Male,HR Manager,,53.3,50.4,5.5,1.6,2,1,2.1,40.7,27.0,Low
318,21,,Support Engineer,12.0,63.0,58.5,3.1,25.4,7,2,3.3,81.7,69.3,Low
319,46,M,HR Manager,10.1,71.1,51.3,3.8,18.9,9,1,1.3,86.6,40.5,High
320,21,F,HR Manager,,,49.6,5.4,14.7,0,2,2.9,66.1,62.5,Medium
321,45,Male,Support Engineer,7.0,73.9,,,26.7,0,2,4.6,41.3,95.3,Medium
322,36,F,Support Engineer,8.6,33.8,,7.8,25.4,9,5,1.8,65.7,65.8,Low
323,59,Male,Product Manager,4.6,34.5,9.0,3.7,8.9,7,4,2.3,62.6,93.9,Medium
324,52,Female,Product Manager,4.8,39.7,43.4,8.6,23.7,8,3,2.6,64.6,51.4,Low
325,28,Male,Team Lead,14.4,31.6,35.6,3.4,3.0,9,2,3.3,65.7,70.7,Medium
326,58,F,Business Analyst,,37.7,51.6,,24.7,5,3,4.7,86.2,91.5,High
327,48,M,Business Analyst,12.7,30.9,30.5,5.4,20.3,4,4,2.6,25.3,67.0,Medium
328,45,Male,Team Lead,6.1,70.2,68.8,10.2,2.6,1,3,1.3,43.1,69.2,Medium
329,54,Male,HR Manager,0.2,32.6,86.4,8.1,,8,5,2.4,62.7,77.3,Medium
330,44,Other,HR Manager,1.2,66.1,29.9,9.2,17.4,5,5,1.8,35.5,90.6,Medium
331,43,M,Software Engineer,4.7,27.6,19.3,4.1,17.8,7,0,3.6,98.0,27.1,Low
332,32,Female,Software Engineer,,77.2,11.6,9.7,8.7,8,5,1.1,33.7,46.9,Low
333,26,,Business Analyst,0.3,64.1,61.6,3.1,8.0,8,2,,52.3,51.8,High
334,55,Female,Team Lead,,25.4,44.4,4.7,22.9,7,4,3.2,89.0,92.8,Low
335,39,,QA Tester,10.6,67.0,18.8,7.9,7.7,9,5,2.1,17.2,96.5,High
336,20,Male,Product Manager,4.6,53.3,65.3,6.0,13.4,7,1,3.2,83.9,29.6,Low
337,27,Male,QA Tester,2.0,67.9,14.8,10.9,20.8,2,4,1.5,61.4,29.5,Low
338,35,M,Team Lead,7.7,53.7,55.4,3.2,2.4,2,2,4.8,12.9,94.8,Medium
339,33,Male,Software Engineer,0.1,60.3,52.7,11.0,17.8,1,4,,91.3,43.7,Low
340,31,Male,Business Analyst,14.1,68.2,73.4,8.0,17.7,0,5,4.7,13.5,39.3,Medium
341,42,Male,Business Analyst,,47.3,,7.5,20.5,3,1,2.3,56.4,22.8,Medium
342,34,F,Software Engineer,6.0,25.1,88.8,3.5,11.1,1,0,4.1,14.4,42.0,Medium
343,47,F,QA Tester,5.9,71.7,,5.2,13.5,1,2,,16.4,75.5,Medium
344,53,Other,Data Analyst,1.0,45.9,21.6,10.4,9.9,4,2,3.7,89.8,54.1,Low
345,21,Female,Data Analyst,9.6,52.3,,5.8,,3,4,2.3,78.9,61.3,Low
346,51,,Software Engineer,11.0,25.4,43.2,8.3,3.9,0,3,3.0,27.7,93.4,Low
347,42,M,Data Analyst,10.1,,81.8,11.0,,8,3,3.7,65.8,29.2,Low
348,41,M,Support Engineer,2.1,79.3,84.3,5.1,19.0,3,1,,81.5,25.7,High
349,44,Other,Team Lead,8.7,40.3,52.0,7.6,26.6,4,0,3.3,90.1,88.2,Medium
350,41,,Team Lead,8.5,46.7,86.1,8.6,12.8,6,0,1.3,52.1,82.0,Medium
351,41,Other,Software Engineer,13.0,62.8,0.5,4.3,10.0,1,4,2.0,90.8,41.1,Medium
352,25,M,HR Manager,5.7,69.8,3.5,4.2,27.0,7,4,3.3,55.7,45.9,Low
353,34,Female,Product Manager,5.6,48.0,,6.7,3.0,1,3,1.1,71.9,44.8,Medium
354,56,Male,QA Tester,9.3,42.0,77.5,6.1,3.5,9,5,2.0,98.1,71.8,Medium
355,52,F,Software Engineer,9.5,76.6,,8.7,9.0,4,0,,31.2,24.9,Low
356,27,F,Data Analyst,7.0,62.2,75.4,3.6,28.8,1,5,2.0,25.2,59.2,High
357,24,Other,QA Tester,6.6,31.5,95.6,10.8,19.0,1,0,,40.8,30.7,Medium
358,58,F,HR Manager,7.4,28.8,77.2,3.1,16.6,3,5,3.3,24.8,85.6,Low
359,23,M,Data Analyst,12.9,51.6,84.2,7.8,21.2,3,5,4.6,35.6,50.5,Medium
360,25,M,Business Analyst,,37.1,76.1,7.5,12.5,7,0,2.5,76.9,62.2,Low
361,51,Other,Product Manager,14.1,39.0,16.8,4.1,,5,1,4.7,53.0,22.3,Low
362,49,M,Support Engineer,7.6,73.3,83.4,,11.8,9,1,3.6,43.8,24.7,Medium
363,54,Female,Data Analyst,14.2,29.9,19.5,,24.8,7,4,4.7,43.2,74.0,High
364,59,Other,Support Engineer,12.5,,89.3,10.1,8.0,6,5,4.3,27.5,81.3,Medium
365,35,,QA Tester,5.4,39.9,45.9,5.3,8.3,9,5,3.8,50.3,76.8,High
366,32,Male,Support Engineer,13.0,,67.7,6.5,15.7,3,5,2.4,66.2,79.0,High
367,49,Female,QA Tester,,64.7,49.7,5.8,12.9,1,5,2.0,22.5,28.4,High
368,38,Male,QA Tester,13.9,25.4,9.4,3.6,19.4,8,5,1.9,97.6,75.5,Low
369,36,Male,QA Tester,9.5,,29.1,8.4,10.9,1,3,4.8,49.9,34.5,Medium
370,38,Female,QA Tester,0.8,32.7,98.4,9.6,6.9,0,2,4.8,95.3,27.8,Low
371,47,Other,QA Tester,9.7,72.6,96.1,5.4,14.1,7,5,3.9,22.1,80.6,Medium
372,45,M,Data Analyst,14.6,72.9,32.0,10.9,16.8,9,3,4.5,79.0,91.2,High
373,56,M,QA Tester,1.0,48.0,99.6,3.6,4.3,8,1,4.7,65.6,77.3,Low
374,45,Male,Data Analyst,8.3,49.4,84.6,8.3,16.7,0,5,,83.8,84.4,Medium
375,42,Male,QA Tester,11.2,41.7,61.1,,9.6,6,1,3.5,64.1,99.3,Medium
376,28,Other,Support Engineer,,64.4,4.0,,11.8,1,4,2.7,96.7,30.8,Low
377,31,F,Business Analyst,6.2,44.7,90.1,6.7,8.4,5,2,,66.4,97.2,Low
378,20,Female,QA Tester,3.1,39.7,55.7,5.1,27.9,4,0,1.2,80.6,68.1,Medium
379,20,Male,HR Manager,0.6,48.8,86.8,8.7,20.5,0,2,2.7,89.0,85.1,Low
380,53,M,QA Tester,,30.0,83.4,8.8,7.9,1,5,3.7,74.3,72.0,Medium
381,51,Other,QA Tester,6.8,66.1,83.3,5.3,19.4,1,5,2.7,57.2,65.6,Medium
382,44,Female,Support Engineer,14.2,25.7,69.8,,25.5,9,2,4.5,34.6,76.3,Medium
383,59,Other,Product Manager,0.9,60.4,29.1,5.5,12.0,9,2,2.3,86.9,45.6,Low
384,20,Female,Team Lead,10.3,35.1,,8.8,24.9,5,4,1.5,53.3,93.9,Medium
385,35,Female,Support Engineer,0.4,37.8,,4.0,4.6,0,1,4.2,65.9,29.2,Low
386,58,Male,HR Manager,2.6,60.0,,4.3,24.7,3,0,3.7,17.1,45.4,High
387,24,Other,Team Lead,6.8,79.6,58.3,5.5,16.2,9,2,2.0,54.8,22.5,Low
388,41,Other,Software Engineer,6.8,67.8,69.9,7.8,6.7,4,0,3.1,72.8,41.7,High
389,48,,Software Engineer,10.3,37.4,85.4,8.2,12.2,1,2,2.6,62.6,37.5,Medium
390,22,M,Product Manager,13.7,34.7,14.0,6.2,29.6,1,1,4.8,50.4,24.0,Medium
391,31,Male,HR Manager,9.6,72.6,54.4,3.6,,6,0,3.4,30.1,59.3,Low
392,45,Male,Support Engineer,14.3,49.4,0.8,6.0,17.3,6,3,1.6,37.9,57.5,Low
393,35,F,Data Analyst,13.2,32.5,9.5,8.5,3.5,5,1,3.0,73.1,26.2,Low
394,56,M,HR Manager,8.8,72.4,5.4,8.4,12.5,0,0,4.5,30.2,40.9,Low
395,41,Female,Business Analyst,12.5,69.9,72.5,4.3,7.9,2,2,3.7,66.0,96.3,High
396,48,Other,Team Lead,9.6,79.1,8.1,3.1,,8,2,4.4,63.1,28.9,Low
397,33,Male,Team Lead,1.2,75.0,71.6,9.0,16.3,9,1,2.0,97.3,44.4,High
398,47,Other,QA Tester,,71.8,,3.9,,0,1,4.6,15.5,22.9,Medium
399,24,,Software Engineer,1.4,27.9,87.8,3.7,20.3,1,2,4.0,19.7,31.9,Low
400,49,F,Product Manager,8.9,30.7,81.3,3.0,7.5,7,0,,55.5,76.0,Medium
401,24,M,Team Lead,10.5,56.3,,6.5,17.2,6,3,2.4,57.4,49.3,Low
402,31,Male,HR Manager,,54.2,88.4,7.0,28.3,8,4,4.6,13.6,56.2,Low
403,35,,Team Lead,3.5,50.2,93.3,8.1,21.7,9,1,3.6,84.3,32.6,Low
404,45,,Product Manager,13.7,,85.9,,20.7,3,2,4.4,54.5,74.6,High
405,45,Female,Product Manager,9.2,48.7,69.3,8.7,29.0,3,0,,41.2,80.1,Medium
406,40,F,Product Manager,3.7,56.3,17.0,4.4,24.0,6,1,1.6,38.7,34.5,Medium
407,58,Female,HR Manager,10.4,25.1,27.2,9.7,4.1,0,0,2.3,87.5,23.6,Low
408,55,Male,Data Analyst,9.0,39.3,21.3,7.6,10.4,9,1,2.8,27.7,26.5,Medium
409,52,Male,QA Tester,7.5,53.5,60.4,7.7,29.0,8,2,3.1,24.4,72.6,Low
410,49,,Software Engineer,14.6,64.7,50.4,4.7,14.7,1,0,3.0,29.2,30.8,Low
411,56,Other,Team Lead,10.3,34.6,86.7,3.6,3.3,0,2,3.2,66.3,59.5,Low
412,42,,HR Manager,5.6,55.1,,6.7,13.8,6,0,4.4,83.0,32.2,Low
413,29,,Support Engineer,,64.3,40.5,7.9,20.9,5,1,1.7,39.8,33.6,Medium
414,24,F,Software Engineer,13.3,49.5,50.6,3.8,29.9,2,4,2.3,25.6,20.3,Low
415,55,Other,Data Analyst,1.9,26.5,97.2,,9.7,0,4,4.6,28.8,45.7,High
416,53,M,HR Manager,3.0,49.7,27.6,10.8,15.4,4,3,3.2,65.7,27.2,Low
417,50,Female,Business Analyst,3.2,,79.2,,26.4,9,3,3.3,32.1,51.5,Medium
418,29,Female,Business Analyst,10.4,76.1,22.5,10.6,10.7,3,5,,89.0,67.8,Low
419,38,M,QA Tester,9.0,31.9,68.1,4.4,3.3,4,2,3.2,19.4,49.4,Low
420,51,F,QA Tester,9.3,60.9,25.4,3.2,28.5,0,0,1.8,12.9,76.4,High
421,20,M,Data Analyst,14.1,27.9,88.4,3.3,14.7,0,3,3.2,18.0,79.3,High
422,24,F,Data Analyst,11.6,49.5,56.1,,15.1,4,1,5.0,86.1,75.7,Medium
423,23,M,QA Tester,1.9,55.5,18.6,3.5,18.6,5,4,3.3,68.6,94.9,High
424,35,,Team Lead,5.2,41.4,22.4,10.7,0.1,4,0,1.2,96.2,39.0,High
425,43,Male,Team Lead,,50.0,49.4,4.1,27.9,1,5,4.2,40.3,35.2,Medium
426,35,Female,HR Manager,,,96.2,5.4,10.8,8,4,2.6,29.1,68.8,High
427,21,M,Support Engineer,10.0,41.7,,9.6,11.9,4,0,1.6,60.6,67.6,Low
428,47,M,HR Manager,13.4,59.2,48.8,4.7,5.2,4,3,4.5,58.4,60.8,Medium
429,51,Other,Support Engineer,4.6,41.6,33.8,4.9,11.3,9,3,1.8,63.2,20.3,Medium
430,46,Female,Data Analyst,8.3,74.5,54.9,8.1,,8,2,4.7,41.3,64.4,Low
431,39,Other,Software Engineer,11.8,59.6,74.8,5.2,24.0,2,5,2.8,10.5,94.6,High
432,43,Female,HR Manager,6.2,49.1,78.4,4.7,28.1,4,0,4.0,13.2,46.8,Low
433,31,Other,HR Manager,2.5,27.1,32.5,5.0,12.1,4,5,3.2,69.7,97.4,High
434,54,M,Support Engineer,7.1,52.5,72.1,6.9,21.3,1,1,2.0,57.1,48.5,Low
435,52,M,Product Manager,0.8,67.1,65.8,10.7,15.2,3,5,3.7,83.9,31.2,Low
436,52,Male,Data Analyst,14.1,39.6,95.9,9.7,24.1,1,3,4.8,37.0,51.9,Low
437,56,Other,Data Analyst,1.1,69.4,93.1,5.3,21.4,4,2,4.1,83.4,59.6,High
438,31,F,Business Analyst,6.6,38.8,78.9,5.9,11.0,9,3,3.4,48.3,70.4,Low
439,22,Male,Product Manager,7.9,70.3,72.3,6.7,10.1,1,4,5.0,18.7,60.4,Medium
440,20,Other,Support Engineer,14.8,29.7,27.4,10.8,7.6,9,3,2.1,98.0,62.9,Medium
441,52,Other,Data Analyst,2.5,72.6,84.6,4.4,17.3,8,0,1.2,56.1,21.9,Low
442,59,Male,Product Manager,1.7,52.5,42.8,5.9,28.9,9,2,1.1,66.7,40.3,High
443,29,M,QA Tester,0.1,41.3,27.2,,6.0,5,0,3.8,70.4,44.9,Low
444,48,Other,Product Manager,2.3,39.6,38.4,10.7,2.9,7,1,4.3,42.6,99.0,Medium
445,32,M,Team Lead,3.1,48.8,83.6,4.2,3.6,8,1,3.5,77.3,43.6,Medium
446,31,Male,Business Analyst,9.5,79.9,14.9,4.8,23.5,7,3,,88.3,91.7,Low
447,50,M,QA Tester,3.3,37.1,45.6,4.8,10.5,4,2,3.8,44.8,44.4,Low
448,21,Female,Software Engineer,0.3,30.7,49.2,3.2,6.7,4,5,2.5,69.1,27.7,Medium
449,54,F,HR Manager,12.4,57.2,3.7,7.8,10.6,5,2,1.7,78.1,39.8,High
450,42,,Business Analyst,,51.9,19.6,,19.4,0,2,4.7,27.1,41.8,Low
451,36,F,Software Engineer,5.3,,82.7,7.8,16.4,7,2,,39.9,98.3,Low
452,45,M,HR Manager,4.5,61.7,83.1,3.6,,1,3,3.2,19.8,73.9,High
453,27,Other,Team Lead,14.6,39.7,29.2,3.6,10.2,5,0,2.3,64.2,94.5,Low
454,48,M,Product Manager,2.6,75.1,87.5,4.7,13.6,8,3,2.1,82.1,86.8,Medium
455,45,Female,Data Analyst,13.5,49.0,77.2,,3.1,2,5,3.6,65.0,66.3,Medium
456,29,Male,QA Tester,11.7,32.1,41.8,9.3,2.2,1,0,1.9,26.2,74.0,Low
457,45,Other,Support Engineer,,65.8,74.8,4.3,13.9,9,5,4.7,59.2,70.0,Medium
458,53,Female,QA Tester,14.8,60.4,96.1,3.4,9.0,4,4,2.6,85.1,73.3,High
459,26,Female,Team Lead,4.1,42.4,45.9,6.2,18.4,8,4,,37.2,41.2,Medium
460,23,Other,Software Engineer,1.5,59.2,23.8,6.3,1.3,5,0,3.9,84.9,52.7,Medium
461,30,M,Support Engineer,12.4,37.1,94.2,6.6,3.7,7,3,3.7,80.6,67.4,Medium
462,48,Female,Data Analyst,10.6,49.5,60.4,9.6,,7,5,4.6,12.0,22.9,Medium
463,55,F,Team Lead,9.3,74.5,10.5,3.8,17.0,6,5,1.9,31.6,58.6,Low
464,44,Female,Support Engineer,2.3,32.3,57.3,8.6,21.4,4,1,1.3,58.9,88.8,Medium
465,40,M,Team Lead,7.2,46.3,50.1,5.7,25.3,1,5,1.2,74.6,59.4,Low
466,55,M,Product Manager,11.7,70.2,,5.5,13.9,9,3,4.5,89.2,64.2,Low
467,29,F,Team Lead,4.6,78.3,53.1,10.5,22.8,9,1,,67.7,36.2,High
468,56,Female,Data Analyst,4.7,,25.5,,15.7,4,3,2.2,44.2,83.5,Medium
469,28,M,Business Analyst,0.0,52.9,67.6,8.1,6.7,6,2,3.8,26.6,48.7,High
470,43,Other,HR Manager,2.6,56.5,54.3,5.2,10.1,6,5,1.0,78.4,96.5,Low
471,54,Male,Support Engineer,13.1,,23.3,,14.7,1,2,1.8,28.6,99.5,High
472,54,Male,Product Manager,,72.2,57.4,9.3,9.5,6,4,,72.6,93.3,Medium
473,55,Male,Data Analyst,14.8,34.4,82.2,10.1,10.1,5,4,1.3,26.3,26.8,High
474,37,Female,Team Lead,5.9,49.0,2.9,,10.1,6,0,2.9,18.2,46.7,High
475,58,F,Product Manager,10.7,50.5,63.1,7.7,3.7,7,5,3.7,32.6,95.6,High
476,51,M,Data Analyst,4.2,68.4,35.0,5.0,2.5,3,1,4.1,35.6,84.4,High
477,43,Other,Business Analyst,5.5,58.2,29.3,8.3,1.4,0,2,2.8,68.2,92.9,Low
478,42,Other,Product Manager,,61.0,39.3,8.7,3.3,7,3,3.5,24.5,65.8,Medium
479,51,Female,Product Manager,5.2,79.9,,3.1,10.3,7,5,3.2,93.7,58.4,Low
480,56,Male,HR Manager,,29.1,83.2,6.5,17.8,2,0,1.2,59.9,28.5,Medium
481,31,Female,QA Tester,14.9,37.3,27.5,9.7,5.6,2,3,,54.2,87.2,High
482,32,F,Support Engineer,,47.4,73.3,6.9,26.6,4,2,1.7,49.1,79.6,Low
483,42,F,HR Manager,3.0,44.1,9.4,5.5,24.3,2,5,,61.0,24.7,Medium
484,44,M,Software Engineer,0.7,26.2,95.1,10.0,15.6,4,2,2.8,12.0,36.8,Medium
485,54,,Support Engineer,1.9,30.0,62.2,4.2,21.7,7,5,4.5,99.1,64.6,Low
486,49,F,HR Manager,8.4,62.5,70.7,4.7,11.0,0,5,1.6,60.2,74.8,Low
487,36,F,Team Lead,,73.4,29.8,8.5,1.1,1,2,1.1,13.2,31.0,Low
488,39,F,Support Engineer,14.1,53.3,41.2,5.8,27.1,1,2,1.4,63.1,39.6,Low
489,44,Female,Support Engineer,0.2,54.7,22.4,8.7,3.8,3,3,2.5,49.3,35.4,Medium
490,41,F,Data Analyst,7.8,,93.3,4.3,28.4,8,0,3.3,12.2,37.6,Medium
491,32,Other,Team Lead,7.1,67.2,48.8,5.0,17.2,1,2,1.8,93.2,93.7,Low
492,38,Male,Software Engineer,9.8,66.3,63.0,4.3,9.2,8,4,4.2,11.0,77.3,High
493,55,F,QA Tester,8.4,57.4,73.4,10.6,14.9,6,0,4.0,62.0,79.0,Medium
494,31,Male,Product Manager,10.3,36.7,37.1,6.2,15.0,9,4,3.8,96.6,83.5,Medium
495,38,Female,Business Analyst,9.9,30.3,72.0,5.7,0.7,7,3,2.9,31.4,48.5,Low
496,31,Male,HR Manager,1.8,28.5,67.6,,10.7,0,2,2.5,32.9,81.4,Medium
497,28,Female,Data Analyst,12.0,57.6,,4.2,22.2,4,0,2.5,10.0,98.3,Low
498,26,Other,HR Manager,1.8,70.4,48.9,6.4,,8,2,3.0,16.0,75.9,Medium
499,47,Female,Software Engineer,10.5,72.2,38.3,3.5,7.3,3,5,1.3,14.0,53.3,Medium
500,33,Female,Product Manager,,50.5,22.2,7.1,10.1,1,2,3.7,84.0,77.3,Low
501,50,M,Software Engineer,7.7,68.1,82.5,6.6,25.9,5,0,2.4,85.3,92.1,High
502,38,F,Support Engineer,13.5,77.1,60.8,9.1,15.8,1,2,1.9,75.4,30.3,Medium
503,35,F,Business Analyst,13.3,40.1,44.4,8.3,15.9,2,2,2.1,41.7,41.2,Low
504,24,Other,Software Engineer,12.3,46.9,94.4,6.6,28.8,7,1,1.7,83.9,93.5,High
505,54,Other,HR Manager,7.7,76.2,4.8,4.8,9.6,2,1,4.6,58.6,95.7,Low
506,31,F,Team Lead,11.0,43.6,85.0,8.8,14.4,1,0,1.7,37.4,58.7,Medium
507,44,M,Team Lead,7.7,75.3,99.8,8.7,24.4,5,0,4.5,49.4,50.0,Medium
508,40,F,Support Engineer,13.0,79.0,,,22.8,2,5,3.3,15.9,42.6,Low
509,55,M,QA Tester,6.0,61.4,81.0,10.3,8.0,0,5,4.5,95.0,59.9,High
510,42,Other,HR Manager,14.6,,,3.5,4.5,2,2,2.9,65.7,94.8,Medium
511,35,Male,HR Manager,14.0,66.2,23.1,3.4,21.0,5,4,4.7,75.8,32.0,Low
512,58,Other,Software Engineer,,63.5,73.5,,7.7,2,0,1.8,70.9,53.6,High
513,58,Other,Business Analyst,4.2,41.9,,10.3,27.7,8,2,3.2,70.1,92.9,Medium
514,33,Female,HR Manager,2.0,28.1,17.6,7.2,3.9,6,4,1.5,11.6,47.9,Medium
515,50,Female,Data Analyst,12.8,43.9,78.7,9.3,9.5,4,1,2.8,57.3,81.4,High
516,24,Female,QA Tester,2.5,61.7,31.3,4.8,1.6,1,5,3.3,84.0,51.1,Low
517,54,Female,Software Engineer,12.8,30.6,91.4,6.9,21.1,8,0,3.4,14.0,84.4,Low
518,42,M,Data Analyst,7.4,25.7,84.1,5.9,26.7,4,2,2.5,96.1,98.5,Low
519,48,F,Support Engineer,6.1,32.7,84.8,9.6,19.1,6,1,1.3,48.2,51.0,High
520,30,Male,Team Lead,13.5,64.4,,3.2,28.1,8,3,3.6,36.1,87.6,Low
521,37,Other,Support Engineer,9.1,78.5,88.1,,3.9,3,1,3.0,57.9,99.1,Low
522,31,M,Team Lead,8.6,79.1,80.6,4.2,2.6,8,2,1.5,82.1,98.7,Low
523,28,Male,Support Engineer,,52.2,60.3,9.9,25.2,0,5,4.7,52.7,54.7,Low
524,29,M,HR Manager,5.6,72.8,29.6,6.7,25.7,5,4,4.8,68.1,58.9,Medium
525,36,,Data Analyst,11.8,65.5,88.8,6.2,24.9,1,3,4.4,55.0,44.3,High
526,57,Other,Team Lead,3.8,,84.1,6.6,24.0,7,3,4.4,66.8,45.1,Low
527,26,F,Software Engineer,14.1,56.5,47.3,10.8,10.9,4,5,1.4,22.4,59.4,Low
528,32,Female,Data Analyst,13.4,32.5,3.9,9.8,6.5,2,3,5.0,13.5,36.0,Medium
529,59,F,Software Engineer,5.1,76.6,63.9,8.7,27.9,1,0,2.6,22.3,76.9,Low
530,28,Other,Data Analyst,10.9,44.4,5.1,5.3,9.2,7,2,1.7,35.7,62.9,High
531,46,Other,Data Analyst,8.6,49.5,92.6,4.3,12.0,6,3,4.2,32.8,91.8,Medium
532,21,Other,Support Engineer,5.1,61.9,96.2,10.4,21.0,8,1,1.9,65.4,84.8,Low
533,24,Male,Team Lead,14.8,43.4,18.9,6.4,8.8,7,4,3.1,51.0,45.8,High
534,48,F,Team Lead,0.4,39.0,67.6,,24.6,3,2,1.5,13.5,60.5,Low
535,56,F,Business Analyst,3.8,59.7,9.2,6.8,2.1,1,5,2.9,13.1,80.0,Low
536,57,M,Data Analyst,7.8,26.4,73.0,10.3,23.7,1,1,3.2,18.2,35.5,Low
537,38,M,HR Manager,7.8,64.6,34.7,,18.1,1,0,2.8,41.8,22.5,High
538,27,M,HR Manager,8.8,53.3,68.1,7.5,17.2,5,3,1.3,10.6,88.2,Medium
539,20,Other,Software Engineer,11.3,58.3,37.3,9.4,,6,1,,54.5,31.0,Low
540,41,F,Software Engineer,,,14.6,6.4,8.3,5,2,2.9,42.5,91.2,High
541,36,Other,Support Engineer,9.0,54.0,40.6,,13.9,1,1,2.0,60.0,93.1,Medium
542,26,Male,Data Analyst,0.8,57.0,11.3,11.0,,3,0,4.7,74.9,56.9,Low
543,44,M,Software Engineer,5.6,62.6,57.7,10.7,17.5,2,4,2.7,32.6,84.5,Medium
544,23,Other,Software Engineer,3.5,66.4,4.1,9.7,8.4,3,3,4.5,24.1,49.1,Medium
545,55,Other,QA Tester,,65.0,52.7,8.5,2.3,4,2,1.4,35.0,88.7,Medium
546,25,Male,Data Analyst,8.3,72.8,88.6,5.4,4.4,6,3,2.3,10.2,86.0,Low
547,50,,Product Manager,,35.4,83.8,10.3,21.0,8,3,1.7,20.8,26.3,Low
548,38,F,Support Engineer,4.4,,88.3,5.2,0.7,1,5,2.6,77.6,66.6,Medium
549,58,Female,Software Engineer,3.6,77.1,92.2,9.4,25.7,7,3,,30.1,71.2,High
550,46,M,Support Engineer,14.2,46.8,10.5,10.3,20.8,2,1,2.8,99.5,20.1,Medium
551,29,Other,Team Lead,14.2,31.9,12.9,7.8,23.0,8,1,2.4,25.1,98.4,High
552,45,Male,Support Engineer,9.1,53.9,55.7,9.4,25.1,9,4,1.9,81.0,52.5,Medium
553,38,Male,Product Manager,13.9,31.0,89.4,9.3,3.7,3,0,3.6,73.5,61.4,High
554,58,F,HR Manager,11.8,36.2,97.4,4.5,24.7,2,2,4.8,39.0,35.6,Low
555,22,Female,Product Manager,8.8,79.9,4.6,8.3,15.1,9,1,1.8,39.8,68.9,Low
556,32,F,HR Manager,0.1,54.8,35.6,3.7,26.6,5,3,3.8,60.7,84.8,Medium
557,47,Other,Support Engineer,11.6,40.6,21.3,7.1,,9,0,4.0,86.7,66.9,Low
558,39,F,HR Manager,10.5,79.7,75.6,4.3,0.7,8,2,3.0,44.8,83.0,Medium
559,47,Male,Team Lead,9.2,78.2,64.0,6.3,11.5,6,2,4.6,15.5,78.5,High
560,27,Male,Data Analyst,11.4,49.2,12.0,9.7,15.8,3,2,4.9,43.7,39.0,Low
561,58,M,HR Manager,7.7,39.3,48.4,10.9,20.4,2,2,2.4,28.7,54.9,High
562,20,M,HR Manager,10.6,71.1,68.5,5.5,8.6,9,4,3.6,94.5,31.9,Medium
563,22,Other,Support Engineer,14.0,64.4,77.9,7.3,7.6,3,2,3.6,72.8,23.4,Medium
564,32,Female,Team Lead,5.6,62.8,2.0,7.1,,2,0,2.6,14.6,25.0,Medium
565,47,F,Business Analyst,10.6,74.1,89.0,10.6,,2,1,2.3,36.4,95.4,Low
566,44,Other,Business Analyst,7.1,62.9,56.9,6.8,,8,0,4.7,14.5,98.8,Low
567,52,M,Business Analyst,10.1,40.6,81.2,8.6,22.9,3,3,4.2,84.7,27.6,Medium
568,57,F,Business Analyst,11.4,63.2,80.8,10.4,12.9,8,5,1.5,91.6,46.8,High
569,25,M,Data Analyst,0.7,41.8,19.0,6.0,1.6,9,4,1.5,20.1,29.2,Medium
570,51,F,Product Manager,9.7,66.8,11.0,10.2,5.1,4,4,4.7,49.6,86.7,Low
571,40,Female,Support Engineer,3.4,,72.1,10.3,13.7,6,3,,93.9,59.7,Low
572,35,Other,Support Engineer,10.1,29.3,15.6,10.4,24.4,4,0,3.8,23.1,69.7,High
573,40,F,QA Tester,7.0,53.2,85.0,5.2,11.4,0,0,1.9,36.3,63.2,Medium
574,30,Male,Team Lead,11.6,43.9,72.6,6.2,16.2,1,3,1.1,37.4,76.8,High
575,56,Male,Business Analyst,1.9,43.1,,10.0,26.8,4,5,1.2,12.7,45.5,Medium
576,55,F,Data Analyst,9.4,58.1,29.9,5.9,27.4,5,2,2.5,13.3,31.0,Medium
577,54,F,Team Lead,4.2,42.7,31.7,7.8,6.5,6,2,1.3,95.8,21.4,Medium
578,38,F,Business Analyst,12.8,67.7,67.1,3.9,1.3,1,1,3.4,61.4,55.7,Low
579,39,Male,Data Analyst,13.9,,,3.5,9.2,9,0,3.6,37.6,92.6,Medium
580,37,,Team Lead,14.9,61.3,72.6,6.3,20.9,8,0,2.5,44.1,44.4,Medium
581,33,F,Support Engineer,11.9,69.5,83.6,,28.5,5,3,4.0,74.3,35.7,Medium
582,34,M,Support Engineer,11.3,62.0,,6.1,2.3,1,3,3.0,43.0,94.1,High
583,50,M,Product Manager,3.2,52.3,,7.6,0.9,1,2,2.7,30.5,28.4,Low
584,20,,Software Engineer,5.0,77.3,17.5,7.1,26.5,2,0,,19.2,24.1,Medium
585,22,Other,Product Manager,7.0,41.5,32.2,8.5,22.4,0,0,2.7,75.6,90.4,Low
586,35,M,HR Manager,11.6,,97.4,,29.8,8,4,4.9,26.3,76.1,Low
587,42,Male,Product Manager,13.7,48.8,,6.4,11.9,9,1,3.7,16.3,53.8,Medium
588,30,M,Business Analyst,2.8,26.8,51.3,6.4,12.5,3,1,2.3,48.4,80.2,Low
589,31,,QA Tester,13.8,77.5,93.4,4.1,5.2,4,2,3.9,13.6,79.3,Medium
590,29,,Team Lead,,36.5,52.3,7.1,3.5,6,5,2.3,96.8,23.2,Low
591,51,Other,QA Tester,9.2,68.4,29.2,7.7,17.4,0,0,,66.5,74.1,Low
592,35,M,Software Engineer,3.0,,26.7,6.8,10.9,2,4,2.9,23.7,71.3,Low
593,27,Male,HR Manager,0.8,37.0,93.0,5.6,2.4,2,0,4.0,25.5,97.1,Low
594,57,Male,Team Lead,8.5,59.2,17.2,,26.6,1,3,2.5,61.3,97.3,High
595,31,,Data Analyst,9.8,27.6,58.0,3.6,6.0,7,2,4.5,42.1,50.2,Medium
596,43,Male,Business Analyst,3.2,,55.6,10.3,22.5,4,5,2.5,79.7,67.2,High
597,47,Other,HR Manager,8.3,25.8,74.0,3.2,8.5,0,1,2.4,59.1,31.3,Low
598,27,Other,Support Engineer,12.8,75.7,49.9,10.7,24.4,1,0,5.0,49.0,25.3,Medium
599,47,Male,Software Engineer,12.5,78.7,27.2,6.7,3.6,0,5,2.9,96.7,54.6,Medium
600,55,Male,HR Manager,13.9,37.2,16.9,6.3,22.7,5,2,4.2,45.2,75.2,Low
601,45,F,Business Analyst,5.5,36.4,62.1,5.1,2.9,8,1,4.2,46.1,65.4,Medium
602,27,,Product Manager,4.8,66.5,71.9,3.1,13.4,6,0,4.7,69.9,54.4,Medium
603,47,F,HR Manager,,38.9,57.0,5.2,22.0,4,4,1.3,82.9,85.4,Medium
604,47,F,Product Manager,6.5,74.2,,,5.2,2,2,2.1,66.4,83.6,Medium
605,56,Male,Business Analyst,1.3,56.6,14.2,8.3,8.6,7,0,4.1,72.9,78.6,Low
606,55,,Support Engineer,4.2,44.3,,5.6,25.9,9,1,3.3,43.6,26.2,Low
607,46,Female,Team Lead,6.3,70.8,58.2,9.1,26.6,3,1,3.2,53.2,83.7,Medium
608,36,F,Data Analyst,4.4,52.1,,4.7,1.3,8,4,1.7,27.7,93.6,High
609,28,Male,Support Engineer,,75.1,46.2,,5.0,4,2,,71.2,24.8,Low
610,52,Female,Product Manager,4.4,76.0,,,3.5,5,2,3.1,29.9,52.1,Low
611,39,Male,Product Manager,0.6,34.1,89.8,3.9,5.4,4,5,2.1,10.1,99.1,Medium
612,32,Male,Data Analyst,,25.1,26.5,6.2,29.1,9,0,1.8,94.0,67.9,Medium
613,47,Male,Team Lead,9.0,79.1,71.1,4.7,16.5,6,5,1.4,37.5,61.1,Medium
614,48,M,HR Manager,9.8,,10.0,,14.0,6,1,1.6,27.7,34.2,Low
615,32,Male,Data Analyst,2.9,,3.4,,29.5,0,1,4.1,34.1,65.2,Medium
616,54,,Software Engineer,4.4,70.8,56.0,8.4,,1,4,3.9,39.7,55.1,Medium
617,25,F,Software Engineer,9.3,50.2,69.5,,19.8,6,4,1.2,52.7,30.2,Medium
618,37,,Business Analyst,9.0,39.2,79.6,7.0,10.0,7,2,,16.2,57.1,Medium
619,24,Female,Support Engineer,7.6,73.3,34.0,10.7,11.5,3,5,3.2,14.7,33.2,Medium
620,44,Female,Product Manager,5.3,35.8,0.7,10.5,17.8,5,1,2.3,36.4,78.5,High
621,21,Female,Team Lead,13.7,77.1,48.0,9.9,,9,0,4.3,36.6,97.9,Medium
622,29,Female,Business Analyst,5.1,36.3,1.6,7.0,7.7,2,3,4.1,20.6,57.6,Medium
623,49,Female,Support Engineer,6.8,58.8,9.2,4.1,5.9,6,0,4.6,46.4,70.6,Low
624,24,Female,Support Engineer,10.2,37.3,32.7,4.7,0.5,2,4,3.3,35.6,54.5,Low
625,52,F,Business Analyst,8.1,55.0,43.7,8.2,16.1,6,0,2.4,12.3,31.1,High
626,20,Male,QA Tester,,62.6,27.9,6.4,16.8,7,1,3.4,89.7,97.6,Medium
627,37,Other,Support Engineer,6.5,35.5,58.2,4.2,11.5,2,5,1.4,89.7,30.4,Medium
628,51,M,QA Tester,11.9,,5.5,6.8,8.1,1,2,1.0,28.8,28.9,Medium
629,30,Other,Software Engineer,4.2,50.8,,3.1,19.6,5,5,1.1,24.7,56.7,Low
630,40,Other,Software Engineer,2.1,28.9,,8.9,,3,3,2.6,59.3,72.7,High
631,45,Male,Support Engineer,4.7,70.0,14.2,3.6,15.6,7,2,1.9,66.8,48.4,Medium
632,44,Male,Software Engineer,12.7,43.5,64.0,8.0,23.0,1,3,1.6,96.2,35.4,Medium
633,41,Male,Team Lead,,56.6,5.5,9.3,4.9,3,3,3.5,44.0,85.5,Low
634,46,Female,QA Tester,14.9,53.3,40.7,4.1,22.6,1,1,5.0,65.6,49.0,Medium
635,32,,QA Tester,8.1,53.2,17.7,7.1,22.8,1,1,1.7,89.0,35.5,Low
636,52,Female,Support Engineer,14.8,30.9,11.0,9.2,,1,4,3.2,50.5,49.2,Medium
637,53,,Software Engineer,14.1,,56.7,5.1,,0,4,1.5,21.0,37.2,Medium
638,54,F,Data Analyst,6.8,49.9,92.8,4.3,29.2,3,3,4.7,44.0,61.6,Low
639,20,Other,Product Manager,3.0,65.4,5.5,5.7,5.8,1,5,2.2,22.3,73.5,Medium
640,40,Other,Business Analyst,2.5,,42.2,7.4,24.7,8,4,4.5,11.5,84.0,Low
641,25,,Business Analyst,3.6,55.0,70.8,7.6,16.9,8,1,2.1,77.6,38.2,High
642,47,F,QA Tester,10.7,29.8,46.3,4.0,7.9,6,4,,31.5,33.4,Medium
643,36,Female,Support Engineer,4.1,38.0,80.6,6.7,3.9,5,3,1.8,10.2,21.6,Low
644,24,Female,Support Engineer,5.1,,18.0,,14.9,2,2,2.2,88.5,38.2,Low
645,50,,Team Lead,6.7,,96.0,9.7,12.2,6,5,1.8,49.9,21.9,High
646,24,Male,HR Manager,13.7,45.1,38.5,5.5,21.0,0,5,2.1,31.5,47.6,Medium
647,57,F,Product Manager,2.8,37.6,34.2,9.7,27.1,8,0,4.3,33.7,31.7,Low
648,22,Female,HR Manager,0.1,37.0,87.5,6.4,24.2,3,4,3.6,31.6,66.4,Low
649,42,Other,QA Tester,0.9,28.0,56.4,8.8,8.2,5,5,2.6,27.5,50.7,Low
650,56,Female,Business Analyst,13.6,26.0,51.6,7.1,26.4,5,1,4.9,85.7,27.5,High
651,56,F,Team Lead,,30.7,72.7,8.0,25.0,2,2,2.9,25.3,52.0,Medium
652,29,F,Team Lead,4.1,34.5,58.0,6.2,27.9,3,1,4.9,60.6,36.7,Low
653,29,M,Team Lead,2.7,48.7,16.3,9.1,,9,4,1.8,17.0,74.4,Low
654,38,Male,QA Tester,4.4,53.1,67.4,6.4,,2,3,4.6,95.5,49.2,Low
655,36,M,HR Manager,1.7,32.7,13.3,,17.7,5,0,1.1,64.3,31.8,High
656,40,Other,Business Analyst,14.1,48.4,80.6,7.1,9.3,0,0,3.2,91.3,48.0,Medium
657,33,Female,Team Lead,11.8,43.8,99.0,,29.8,7,2,2.7,45.8,38.0,Medium
658,28,Other,Business Analyst,6.9,35.1,,8.3,1.1,7,5,3.1,83.0,83.7,Medium
659,20,F,Software Engineer,13.0,25.4,44.5,,4.9,8,5,3.2,86.8,98.7,High
660,32,M,Support Engineer,3.7,50.7,4.6,8.4,26.8,5,5,2.6,73.3,22.0,High
661,23,M,Support Engineer,10.8,62.7,1.4,8.1,1.8,0,0,5.0,18.4,75.2,Low
662,20,M,Business Analyst,12.8,37.4,92.1,10.4,,2,3,4.9,11.4,41.1,High
663,59,Other,Data Analyst,5.4,32.2,12.9,9.7,21.5,0,5,4.8,25.2,25.3,High
664,51,F,Data Analyst,11.4,73.8,44.6,8.2,1.1,4,1,4.9,20.6,21.1,Low
665,53,,QA Tester,4.4,40.1,81.5,5.7,12.9,2,5,4.2,75.3,90.5,High
666,47,Female,QA Tester,4.5,37.3,88.9,9.2,22.6,1,3,5.0,60.1,48.3,Medium
667,50,,Support Engineer,1.6,72.1,51.9,7.6,17.5,2,2,4.6,57.3,99.6,Medium
668,27,M,Software Engineer,6.6,69.9,56.5,10.9,28.1,8,2,2.7,32.8,55.4,Low
669,58,,Product Manager,10.9,49.7,67.0,,26.0,7,0,,23.9,35.0,Medium
670,45,Other,HR Manager,,51.9,96.1,3.6,10.0,2,3,4.6,28.6,82.2,Low
671,53,Other,HR Manager,9.1,37.0,60.3,3.6,2.5,1,1,3.9,46.0,94.1,High
672,22,F,QA Tester,,29.3,55.9,,28.3,4,3,2.7,76.6,85.2,High
673,31,Female,Software Engineer,12.3,,1.5,10.5,15.5,0,1,1.3,32.9,79.6,Medium
674,20,Other,QA Tester,2.6,30.4,8.1,3.0,2.2,3,1,4.2,72.9,46.8,Medium
675,24,Other,Product Manager,7.3,49.7,57.7,8.8,24.5,7,3,4.8,54.2,25.2,Medium
676,49,M,HR Manager,1.8,,93.6,8.3,26.1,0,4,2.4,89.7,36.1,Low
677,49,M,Business Analyst,10.2,77.4,86.7,8.9,19.2,4,3,1.6,31.0,55.7,Medium
678,36,Male,QA Tester,14.2,38.2,98.3,5.8,13.4,3,1,2.3,50.6,96.5,Medium
679,42,F,Team Lead,2.1,59.3,,9.6,19.9,5,5,3.3,18.7,77.8,Low
680,34,Male,Business Analyst,11.0,51.1,,3.4,21.2,6,2,2.3,40.2,86.3,Low
681,56,M,Product Manager,9.5,73.2,84.0,9.0,26.8,8,2,3.4,55.6,42.2,Medium
682,40,Female,Product Manager,8.8,39.9,64.8,5.1,28.7,0,0,4.9,75.9,74.7,Low
683,33,M,QA Tester,5.9,25.2,33.9,6.8,15.4,9,2,,27.8,89.0,High
684,21,F,Support Engineer,5.3,33.9,47.0,9.6,24.0,3,4,2.5,29.6,58.4,Low
685,30,M,QA Tester,0.7,44.2,85.8,5.2,28.9,5,1,4.7,66.8,54.4,Low
686,58,F,Support Engineer,3.3,,,,4.5,9,3,3.3,44.4,77.6,Medium
687,57,F,Product Manager,,68.5,92.4,8.5,0.5,6,3,1.5,53.4,64.8,Medium
688,53,F,Software Engineer,8.7,62.4,23.0,7.3,26.1,6,4,3.0,85.3,99.5,Medium
689,57,F,Product Manager,,41.5,75.0,7.1,5.9,7,2,3.6,54.9,54.0,Medium
690,53,F,HR Manager,13.1,,63.1,5.1,1.3,9,1,4.4,68.7,34.1,Medium
691,37,Female,Business Analyst,7.8,30.3,75.0,3.3,4.8,7,2,4.7,69.1,57.8,Medium
692,49,Male,Business Analyst,10.5,74.4,43.7,6.3,11.5,7,0,2.3,82.3,38.8,Low
693,34,Other,Data Analyst,6.2,76.4,93.3,3.9,6.6,7,2,1.6,67.4,64.9,Low
694,46,,Data Analyst,8.4,78.9,63.2,10.2,9.2,7,0,1.3,15.8,30.1,Low
695,53,,Product Manager,14.1,72.8,28.8,3.3,29.3,5,3,,40.8,96.0,Low
696,57,Female,HR Manager,,34.6,63.8,6.5,,8,1,4.2,99.0,88.8,Low
697,52,M,Data Analyst,3.8,27.5,28.7,3.4,,2,5,2.6,27.7,32.4,Low
698,43,Female,Business Analyst,11.7,56.9,29.4,3.8,2.8,5,0,2.6,62.8,33.8,High
699,34,F,QA Tester,1.5,75.2,,8.3,22.0,4,2,4.8,85.9,61.0,Low
700,49,Female,Software Engineer,1.1,34.8,85.2,8.2,22.2,7,2,4.7,62.8,81.8,Low
701,36,Female,Software Engineer,5.4,25.4,50.0,3.3,19.8,3,3,1.9,43.5,37.5,High
702,24,F,HR Manager,1.4,69.3,67.9,3.0,6.9,3,4,4.1,17.2,24.9,Low
703,48,Female,Product Manager,8.8,29.2,39.2,3.6,12.7,9,5,3.5,42.5,63.6,Low
704,23,Other,Data Analyst,3.4,47.8,26.4,9.1,25.4,9,4,1.6,26.4,75.3,Low
705,29,Other,QA Tester,13.4,62.3,95.5,7.7,20.1,4,2,2.4,96.5,39.5,Low
706,36,Female,Software Engineer,11.8,38.0,60.4,3.3,22.0,5,4,1.7,74.4,79.2,Low
707,29,M,Software Engineer,10.5,29.6,93.4,6.9,17.6,3,5,2.2,77.4,96.1,Low
708,36,F,Team Lead,9.3,67.4,20.3,8.7,13.5,1,5,3.5,49.2,31.0,High
709,39,,Product Manager,13.0,59.7,,10.0,22.8,1,1,2.5,19.9,60.9,Low
710,43,M,Team Lead,3.3,79.4,85.6,10.5,2.0,2,4,2.6,34.0,24.5,Low
711,24,Female,Business Analyst,13.1,43.9,68.1,,20.2,1,1,3.2,33.4,36.5,Medium
712,53,M,Software Engineer,11.8,28.4,18.7,4.1,29.9,0,2,1.3,53.8,27.2,Low
713,25,Male,HR Manager,11.2,65.4,26.9,4.9,23.4,7,2,4.0,51.5,52.3,Low
714,21,Other,Support Engineer,8.4,53.7,80.1,9.2,8.7,4,2,2.6,49.0,85.7,High
715,32,Female,Support Engineer,,36.7,45.4,10.8,8.3,9,3,2.9,54.6,66.2,High
716,30,F,QA Tester,6.4,68.0,67.1,6.7,20.0,0,4,4.9,98.8,37.8,Medium
717,42,,Software Engineer,,36.2,31.8,5.4,26.9,8,0,2.4,36.9,23.2,Low
718,35,F,Software Engineer,0.5,39.3,38.1,6.4,17.3,7,5,3.6,65.4,64.3,High
719,50,Female,Business Analyst,11.7,30.1,99.1,,15.8,3,0,2.6,31.6,30.6,Low
720,30,M,Software Engineer,3.6,47.0,24.8,5.1,4.8,7,2,4.6,52.0,47.4,Low
721,35,M,HR Manager,2.2,48.0,50.6,7.8,21.5,9,4,4.4,28.0,60.8,Medium
722,27,M,Team Lead,1.7,53.3,84.4,3.1,21.1,6,1,2.0,60.2,92.3,Medium
723,23,Male,Software Engineer,0.4,64.0,23.9,5.1,29.0,6,0,3.8,33.9,26.5,Low
724,59,F,Software Engineer,7.9,74.8,41.5,8.3,9.0,0,2,1.3,13.3,73.5,Medium
725,23,,Business Analyst,3.3,,61.5,3.3,22.7,5,0,4.9,83.4,21.1,High
726,44,Male,Product Manager,14.8,28.0,,3.7,13.0,3,0,2.4,21.5,70.4,Low
727,22,,Data Analyst,8.6,26.0,46.0,5.3,16.8,9,5,4.3,43.1,64.1,Medium
728,51,Female,Product Manager,2.1,32.9,36.3,10.0,24.5,9,0,2.3,52.9,84.9,Low
729,22,Male,Business Analyst,10.3,,58.7,9.1,6.7,9,2,3.5,48.9,62.5,Low
730,46,Other,Product Manager,,65.0,62.4,3.2,10.3,1,5,,75.3,48.2,Low
731,48,Male,Business Analyst,11.2,68.3,65.3,7.0,23.2,9,2,4.5,63.7,39.4,Medium
732,51,Male,HR Manager,1.1,38.4,7.0,5.2,17.1,6,3,1.6,36.6,26.8,Low
733,38,F,QA Tester,13.4,41.8,63.1,8.2,2.8,8,3,3.2,14.7,62.8,High
734,40,Female,Software Engineer,11.9,51.6,95.3,8.8,12.9,4,3,2.4,79.1,91.1,High
735,24,Other,Business Analyst,2.4,28.5,54.1,9.9,17.6,7,0,2.7,41.7,61.2,High
736,37,M,Business Analyst,0.8,58.6,71.5,6.8,27.3,4,4,2.3,90.1,79.1,Low
737,47,M,Data Analyst,8.4,79.1,55.7,11.0,5.7,6,2,2.3,45.6,43.9,Low
738,41,Male,Business Analyst,2.3,44.8,85.5,10.8,24.2,6,3,3.2,74.6,55.9,Low
739,40,F,Support Engineer,12.5,,93.0,10.1,3.9,8,4,1.8,94.6,46.0,Medium
740,25,F,QA Tester,5.4,52.5,18.4,7.6,7.3,2,3,3.1,68.6,28.7,High
741,20,M,Software Engineer,13.7,32.0,43.7,6.2,7.3,0,3,2.1,47.2,53.4,Medium
742,24,,Software Engineer,8.5,57.0,39.2,5.9,26.3,1,4,2.2,61.1,81.1,Medium
743,31,Female,Data Analyst,2.7,41.5,40.5,3.1,6.0,5,3,4.0,58.9,51.6,Low
744,45,Other,HR Manager,2.1,26.9,,5.0,23.6,9,0,,62.6,72.0,High
745,53,,Software Engineer,8.6,59.9,81.4,,,9,0,2.5,23.2,80.7,Low
746,33,M,Support Engineer,11.4,72.2,,7.8,30.0,8,5,,72.9,45.8,Low
747,45,Female,Software Engineer,11.7,44.0,52.8,10.3,25.2,2,0,2.9,23.1,83.8,High
748,46,F,Support Engineer,4.1,46.5,66.2,3.4,22.2,9,1,3.7,11.3,47.1,Medium
749,28,Male,QA Tester,3.1,74.0,20.7,,26.1,1,5,2.5,66.2,40.5,Low
750,45,Male,QA Tester,0.3,69.7,90.6,9.3,19.0,0,3,1.9,20.5,37.8,Low
751,41,M,Team Lead,10.2,64.3,83.9,5.9,25.3,1,1,4.5,79.3,36.0,Low
752,49,F,Team Lead,1.1,38.7,47.1,3.9,7.8,2,2,4.9,87.9,79.0,Medium
753,36,Other,Support Engineer,6.3,75.1,41.1,,2.9,6,4,1.1,95.0,91.0,Low
754,45,F,HR Manager,9.0,33.5,23.7,9.3,18.5,1,2,3.2,69.8,38.5,High
755,55,Male,Software Engineer,14.1,59.5,73.0,6.3,13.0,4,1,2.4,53.4,26.8,Low
756,20,Male,Business Analyst,4.7,26.6,,9.6,12.8,1,0,2.1,41.7,45.1,Medium
757,27,F,Software Engineer,3.7,60.4,68.0,8.4,15.8,6,3,,54.2,72.6,Low
758,54,F,Team Lead,9.8,40.2,84.2,9.3,10.8,9,5,3.6,27.1,49.5,Low
759,34,Male,Product Manager,9.3,49.7,22.8,9.5,18.8,7,3,1.8,41.4,63.9,Medium
760,41,Other,Business Analyst,5.0,44.0,86.6,3.7,0.9,7,0,4.7,74.6,79.5,Medium
761,33,M,Support Engineer,13.9,34.5,3.3,8.0,29.1,7,3,2.9,29.6,52.7,Low
762,45,M,Business Analyst,12.7,59.2,91.3,3.1,27.7,9,4,2.3,33.8,100.0,Medium
763,47,F,Product Manager,3.4,73.5,,3.3,28.1,8,4,4.1,77.4,43.8,High
764,42,M,Software Engineer,3.6,77.7,64.6,10.2,11.0,0,4,1.1,26.0,98.3,Low
765,33,Male,Software Engineer,7.7,35.6,25.0,7.2,16.0,0,2,2.7,32.1,36.2,Low
766,43,Male,HR Manager,11.6,64.5,83.7,8.9,28.6,9,0,2.4,11.6,28.9,Low
767,21,F,Data Analyst,0.7,61.5,51.2,9.7,27.1,1,4,2.4,74.8,80.1,Medium
768,45,F,Business Analyst,10.4,43.9,13.5,10.6,23.7,5,1,,65.6,76.2,Low
769,33,F,Team Lead,9.7,26.1,57.1,10.0,12.2,0,4,1.1,72.5,84.9,Low
770,26,Other,Product Manager,3.5,62.9,40.8,6.9,16.9,4,5,1.6,29.3,47.5,Medium
771,22,M,Product Manager,10.2,77.0,66.1,5.7,23.8,4,2,1.6,71.9,94.5,High
772,42,F,Product Manager,14.1,59.8,88.2,4.2,8.2,3,1,5.0,63.7,29.6,Low
773,37,Female,Team Lead,0.7,48.9,40.9,6.2,18.8,4,0,1.1,43.0,22.4,Low
774,57,Female,Data Analyst,4.8,53.9,29.0,5.9,24.8,0,0,1.7,49.4,44.0,Medium
775,54,Male,Software Engineer,6.6,36.0,1.5,7.5,21.2,5,5,4.9,61.1,83.8,Low
776,34,M,HR Manager,13.5,66.3,57.5,8.3,14.4,6,4,,54.4,73.8,Low
777,44,F,HR Manager,14.4,66.1,40.2,10.8,17.5,7,1,2.8,67.8,54.9,Medium
778,56,Female,Team Lead,6.7,33.0,37.5,8.8,29.7,1,5,1.3,26.3,40.5,High
779,47,M,HR Manager,11.3,73.3,18.3,8.1,18.1,6,1,3.7,58.7,24.7,High
780,29,Male,Product Manager,8.0,39.8,43.0,5.7,23.6,5,4,1.6,50.5,47.0,Low
781,58,Other,QA Tester,8.1,79.0,98.4,3.3,21.8,8,4,3.7,51.5,56.8,Medium
782,36,M,Data Analyst,4.2,46.1,29.8,5.3,21.0,7,3,4.9,52.2,75.0,Low
783,58,M,Software Engineer,3.3,34.8,60.0,9.1,21.5,3,3,3.1,89.3,71.7,Low
784,41,,QA Tester,4.3,44.3,77.6,4.6,,8,4,1.9,83.7,95.8,High
785,45,M,Data Analyst,8.3,49.2,74.9,8.7,14.2,0,2,3.5,66.7,28.0,High
786,44,Male,Support Engineer,0.4,28.8,32.9,7.6,14.0,5,5,3.1,74.5,46.9,Low
787,36,Male,Business Analyst,13.6,56.8,61.1,4.4,1.0,7,3,3.1,13.9,58.5,Low
788,32,,Team Lead,2.3,57.9,87.1,5.1,7.2,3,4,2.9,77.0,73.7,Low
789,39,F,Product Manager,3.3,65.6,1.5,7.0,4.6,1,1,,53.8,59.6,Medium
790,44,Female,HR Manager,7.8,26.6,43.6,6.3,26.6,1,5,3.3,38.6,93.0,High
791,23,F,Support Engineer,10.7,54.8,22.4,9.2,8.2,9,3,4.9,22.6,68.7,Low
792,29,M,HR Manager,1.4,27.9,38.9,8.9,4.2,0,2,4.3,16.8,23.2,Low
793,22,Female,QA Tester,4.8,,41.6,7.6,3.6,4,5,2.1,14.0,29.1,Low
794,37,Other,Software Engineer,14.5,,74.7,9.6,21.0,5,5,3.9,24.6,80.3,Low
795,55,Other,Software Engineer,3.9,,9.4,7.5,0.2,3,0,1.9,12.7,77.3,Medium
796,41,Female,Software Engineer,4.7,63.6,51.3,10.7,14.1,3,1,4.1,75.9,32.3,High
797,53,Male,Product Manager,12.5,52.9,56.4,4.7,3.6,4,2,,32.4,24.7,Low
798,27,Female,HR Manager,0.8,,49.4,8.7,,4,2,2.9,43.2,66.3,Low
799,59,,Support Engineer,7.0,32.2,,6.0,28.8,8,2,4.2,84.0,70.9,Low
800,38,Male,Software Engineer,5.7,41.0,,5.2,28.8,7,1,2.1,20.3,30.8,Medium
801,56,,Support Engineer,4.7,72.8,94.5,4.4,13.3,8,2,4.3,85.2,57.9,Low
802,25,Female,HR Manager,,74.7,48.2,7.4,19.3,2,0,3.6,67.6,44.5,Medium
803,45,F,Product Manager,1.4,25.0,57.1,4.7,18.0,2,3,,40.8,94.5,Low
804,53,F,QA Tester,4.7,57.7,82.6,4.6,10.5,0,1,2.7,20.6,37.5,Low
805,25,M,Product Manager,0.6,64.6,27.5,10.9,13.3,9,2,4.7,18.2,78.7,Medium
806,56,F,Support Engineer,11.7,59.0,7.5,9.4,1.9,5,4,1.9,40.2,61.5,Low
807,52,,Product Manager,6.0,29.5,70.8,9.0,23.9,3,3,3.8,22.6,20.9,Medium
808,41,Female,Product Manager,6.7,37.0,48.3,9.4,7.2,7,5,3.8,34.1,61.4,Medium
809,40,F,QA Tester,13.4,38.8,89.7,10.8,13.8,1,1,4.7,14.8,28.0,High
810,25,Female,HR Manager,9.9,70.7,,7.6,14.4,1,4,3.9,63.6,72.7,Low
811,25,M,HR Manager,0.1,50.5,39.9,4.8,16.8,6,5,3.3,23.1,65.2,Medium
812,23,Male,Team Lead,14.1,51.8,41.5,9.9,24.5,4,4,4.6,78.1,20.8,Low
813,49,,Product Manager,3.6,76.4,40.8,8.9,20.8,0,2,4.3,29.6,36.4,High
814,30,M,HR Manager,1.6,60.0,32.5,6.3,19.9,6,1,3.9,81.8,82.1,Medium
815,49,Female,HR Manager,11.5,74.4,78.2,6.8,15.8,6,2,1.1,27.1,42.1,Low
816,50,Male,Data Analyst,7.5,50.1,,6.3,2.9,9,5,2.5,74.9,59.9,Low
817,43,Female,Software Engineer,6.5,33.2,47.9,10.4,12.1,5,0,3.5,40.0,45.0,High
818,28,Other,Team Lead,3.7,76.1,4.5,5.7,28.7,3,4,3.1,62.5,93.7,High
819,22,Female,Business Analyst,8.2,50.2,31.0,10.7,29.9,7,0,2.3,13.5,62.9,High
820,50,Female,Team Lead,4.1,35.0,29.2,10.3,21.9,1,5,1.6,54.6,75.7,High
821,59,Female,Team Lead,13.5,41.6,81.1,8.0,6.8,1,2,3.2,23.4,26.7,High
822,56,Male,Business Analyst,3.2,27.8,8.8,7.6,3.1,1,3,2.1,53.8,23.2,Medium
823,55,Female,Data Analyst,13.3,50.8,80.6,6.0,12.4,2,4,1.9,22.7,40.7,Low
824,43,Male,Product Manager,8.4,,66.9,3.1,25.7,5,3,2.6,49.3,44.7,Low
825,50,F,QA Tester,12.4,,,4.0,21.7,0,1,4.1,20.0,75.0,Medium
826,25,Other,HR Manager,10.7,76.3,43.2,9.0,26.5,1,4,3.0,29.8,65.5,Low
827,21,Male,Software Engineer,10.5,31.9,,6.8,18.5,9,0,1.9,63.6,50.0,Medium
828,39,F,Support Engineer,4.9,46.0,60.9,4.2,3.9,1,3,1.5,97.9,72.3,Low
829,47,Male,Product Manager,3.5,26.6,76.9,5.1,3.4,0,5,,50.4,33.1,Medium
830,30,Male,Business Analyst,3.2,72.0,44.7,,1.4,2,1,4.2,71.8,25.1,Low
831,23,Other,QA Tester,12.9,44.7,47.3,5.9,17.0,9,4,3.6,58.5,88.4,Medium
832,34,M,Product Manager,12.3,59.7,64.4,10.3,7.3,6,5,1.9,54.9,65.1,Medium
833,25,M,Business Analyst,,64.3,10.8,5.4,22.0,0,1,2.7,15.8,71.9,Low
834,49,Male,HR Manager,2.0,48.6,43.6,7.3,20.6,6,0,4.4,23.0,44.6,High
835,57,Female,Data Analyst,5.7,41.9,97.2,3.2,9.5,4,5,1.7,89.5,49.8,Medium
836,21,F,Product Manager,9.3,77.9,3.8,,5.3,8,4,3.1,46.9,26.6,High
837,34,Female,Business Analyst,,78.0,31.6,8.1,3.1,1,1,2.4,65.3,88.6,Low
838,30,Female,HR Manager,11.7,40.9,31.4,4.9,22.1,0,2,1.5,57.5,67.4,Low
839,27,Male,HR Manager,15.0,51.4,,7.6,13.5,8,4,1.2,44.1,26.7,Low
840,45,Male,Data Analyst,2.9,78.5,10.6,8.2,,7,4,3.2,44.9,84.4,Low
841,24,Male,Team Lead,6.9,25.3,62.9,8.5,25.7,9,4,1.1,60.0,55.5,Low
842,25,Male,Product Manager,6.5,47.7,9.5,9.2,17.8,5,4,1.4,22.7,81.2,Low
843,45,M,Product Manager,4.6,30.5,9.5,5.5,15.5,4,2,2.4,44.9,21.0,High
844,23,Male,Team Lead,3.0,53.0,72.8,,22.3,7,5,1.2,50.2,22.3,High
845,38,M,Software Engineer,1.0,26.4,32.4,10.9,24.5,7,5,2.6,98.7,33.7,High
846,39,M,Software Engineer,13.3,47.4,97.7,10.2,20.6,4,5,1.5,41.6,36.9,High
847,52,Male,Team Lead,6.3,,3.7,10.6,,6,0,2.4,68.0,81.1,Medium
848,39,Other,QA Tester,7.5,54.3,44.5,6.1,11.4,0,2,4.2,22.4,76.5,Medium
849,31,,Support Engineer,13.8,,11.3,,23.1,3,2,3.5,15.9,69.3,Low
850,20,Female,HR Manager,11.6,69.0,,8.0,15.5,1,1,2.8,88.4,90.8,Low
851,45,M,Support Engineer,2.0,71.5,99.8,3.7,,9,3,,75.8,39.8,Medium
852,33,F,HR Manager,8.5,59.9,88.9,9.6,26.7,2,5,3.5,38.6,92.4,High
853,57,Other,Team Lead,6.6,27.3,4.8,,27.5,0,3,1.7,55.4,92.8,Medium
854,56,Female,Software Engineer,12.0,36.4,56.3,4.6,8.3,1,1,,22.2,54.7,High
855,30,Female,QA Tester,10.9,75.9,64.8,3.6,5.6,0,2,3.7,73.6,27.6,Low
856,55,M,Software Engineer,10.4,,21.0,9.7,7.8,7,1,4.6,16.3,78.1,Medium
857,32,Male,Support Engineer,5.1,,14.5,3.6,22.5,3,4,2.8,78.1,47.0,Medium
858,22,Other,Software Engineer,12.1,63.6,90.4,3.7,11.1,2,1,1.2,59.2,83.6,High
859,52,M,Team Lead,0.8,41.5,96.9,6.4,5.2,0,1,4.5,35.1,33.1,High
860,25,Other,QA Tester,2.4,39.8,99.2,4.1,3.0,1,4,1.3,87.6,63.2,Medium
861,29,Male,Support Engineer,5.0,79.9,79.0,10.3,9.8,2,3,4.5,98.7,60.6,Low
862,24,Male,QA Tester,,72.2,66.4,6.8,4.1,2,4,2.6,32.9,28.0,Low
863,42,M,Product Manager,3.5,47.4,34.6,7.6,4.7,5,0,2.5,82.6,49.1,Low
864,29,Male,HR Manager,12.5,78.9,17.1,10.4,,9,1,3.2,77.5,26.8,High
865,21,F,Software Engineer,,60.8,7.9,7.2,0.6,7,1,4.8,77.2,57.2,Low
866,32,Female,QA Tester,,65.8,69.3,5.8,3.5,5,3,4.6,96.2,87.4,Low
867,59,M,Data Analyst,4.0,26.7,78.5,,25.3,1,2,2.9,53.8,41.6,Low
868,21,Other,Product Manager,4.2,31.7,82.6,6.5,25.3,1,4,,70.7,81.2,High
869,39,F,Software Engineer,4.2,59.8,,5.5,9.9,6,2,3.3,84.1,34.7,Medium
870,20,M,HR Manager,0.5,74.4,88.0,8.8,2.6,0,0,3.8,53.2,73.9,Medium
871,56,Male,QA Tester,13.9,59.3,100.0,9.4,21.1,0,4,4.3,53.3,93.2,Low
872,28,Male,Support Engineer,3.2,32.4,24.4,9.3,10.8,6,0,1.1,38.7,45.9,Low
873,36,Male,HR Manager,6.3,31.4,76.3,10.8,1.4,8,0,,80.3,92.0,Low
874,28,Male,Data Analyst,0.1,71.4,58.6,9.3,4.7,4,0,4.8,71.8,60.4,High
875,30,Other,QA Tester,12.9,32.7,26.1,9.2,,0,5,4.8,50.6,45.3,High
876,34,F,Business Analyst,11.0,53.6,98.2,9.9,17.7,4,4,1.0,47.7,91.7,Medium
877,43,Female,Business Analyst,,27.0,89.8,3.0,26.9,0,4,1.8,16.5,22.6,Low
878,57,Other,Team Lead,11.7,29.4,12.9,5.9,23.8,9,5,5.0,10.6,22.2,High
879,54,Other,Software Engineer,4.7,62.0,2.6,8.9,16.4,8,3,3.0,57.6,68.0,Medium
880,49,Female,Support Engineer,3.7,62.9,68.8,7.8,12.7,3,5,3.3,47.6,83.7,Low
881,50,Female,Team Lead,10.5,43.8,60.4,4.4,18.6,8,1,1.7,81.6,80.1,Low
882,24,Male,QA Tester,5.5,36.9,93.6,5.4,13.3,1,2,4.6,58.8,26.4,Medium
883,33,Other,Business Analyst,8.5,69.8,23.4,5.7,7.4,6,2,1.9,94.3,96.0,Medium
884,30,M,Business Analyst,0.1,,8.4,7.5,20.4,1,0,1.8,27.7,76.2,High
885,28,Female,Business Analyst,0.9,54.8,25.9,9.7,26.2,3,4,1.9,99.1,95.9,High
886,53,Female,QA Tester,8.0,78.3,1.9,10.5,11.2,5,4,4.7,36.8,46.3,Low
887,31,F,Business Analyst,8.5,33.1,3.6,9.0,25.2,1,0,3.8,67.8,75.5,Medium
888,54,M,HR Manager,11.3,76.7,91.5,,12.9,1,1,4.1,55.2,88.8,Low
889,54,,Product Manager,2.0,35.1,35.2,6.8,12.0,1,2,2.5,42.4,50.4,Medium
890,20,Female,QA Tester,7.7,56.2,41.1,6.1,0.8,2,5,4.6,22.5,97.2,Medium
891,59,Male,Support Engineer,2.9,45.7,1.8,6.1,,4,3,4.2,22.1,41.2,Medium
892,41,,Product Manager,,78.1,27.1,7.9,24.2,8,1,4.0,74.0,45.2,High
893,48,M,Team Lead,,40.0,80.5,4.0,19.9,5,4,4.9,44.0,93.6,Medium
894,27,Female,Support Engineer,2.5,47.0,61.5,7.6,4.5,8,0,2.5,96.5,97.6,High
895,30,,Product Manager,3.3,79.1,75.4,8.3,,9,2,3.4,39.3,42.8,Low
896,56,F,Data Analyst,4.8,54.5,44.7,6.5,17.2,4,0,4.6,98.5,30.9,Low
897,33,F,Business Analyst,3.9,52.6,31.0,10.6,12.0,5,4,4.2,28.5,80.7,Medium
898,49,Other,Data Analyst,1.3,39.2,48.3,7.9,,9,0,3.3,19.3,94.4,High
899,54,Female,Software Engineer,1.3,63.6,32.3,4.8,29.0,7,5,1.3,38.1,68.1,Low
900,40,F,Software Engineer,2.9,,83.9,6.8,21.7,2,2,3.6,89.7,70.8,Low
901,56,Other,Product Manager,0.8,27.7,29.8,8.4,12.4,1,0,3.1,57.0,81.0,Low
902,24,Other,Data Analyst,9.4,58.0,66.0,5.6,0.6,2,2,,22.2,32.2,Medium
903,38,M,QA Tester,4.3,43.8,13.7,3.6,1.0,8,0,4.5,28.2,97.9,High
904,33,M,Support Engineer,4.2,77.4,68.7,,20.5,5,0,2.4,38.0,49.1,Medium
905,45,Other,Data Analyst,5.0,74.7,91.3,10.6,25.1,9,2,2.5,63.1,70.3,High
906,23,M,Software Engineer,9.9,64.3,60.9,6.9,21.2,3,5,3.7,39.9,57.5,Medium
907,44,F,Data Analyst,13.1,70.0,56.0,10.2,12.2,9,0,3.0,77.2,57.5,Low
908,44,Male,QA Tester,11.4,61.7,96.1,9.7,0.9,2,5,1.4,65.5,76.2,Medium
909,37,F,Data Analyst,10.9,31.9,62.7,4.2,29.0,1,1,2.5,88.6,99.6,Medium
910,59,Other,Support Engineer,7.3,67.1,26.0,8.7,,3,3,1.4,55.1,72.7,High
911,27,Other,Team Lead,10.4,36.6,29.2,6.5,16.5,8,1,,39.8,83.5,Low
912,58,F,QA Tester,8.3,42.8,70.5,5.0,2.1,3,3,1.0,99.7,22.2,Low
913,59,M,Software Engineer,3.2,70.1,,8.5,16.2,4,1,1.7,42.0,84.8,Low
914,33,M,Support Engineer,3.1,54.5,,8.9,26.8,7,3,2.3,48.6,44.0,Medium
915,51,Other,Data Analyst,4.4,72.3,34.5,4.4,20.4,1,0,3.2,82.8,30.1,Low
916,57,Female,Data Analyst,13.7,36.7,99.1,10.3,21.6,2,2,4.7,18.0,29.1,Medium
917,52,M,Team Lead,8.2,58.4,10.2,9.0,2.5,5,2,,44.8,74.4,High
918,42,F,Software Engineer,11.0,29.6,40.5,10.5,3.2,6,4,3.8,17.7,99.8,Low
919,34,,Software Engineer,5.2,60.4,6.2,5.5,3.8,3,3,2.4,22.5,73.3,Medium
920,52,,HR Manager,6.1,66.9,82.1,10.5,27.1,0,4,4.0,10.4,41.0,High
921,44,Other,Software Engineer,1.9,57.2,9.2,5.9,15.8,6,5,3.5,10.9,36.3,Medium
922,36,M,Team Lead,2.6,39.6,67.4,3.4,23.7,8,5,2.8,44.2,62.1,Low
923,52,F,Business Analyst,12.4,26.7,5.6,9.1,3.5,0,4,1.8,82.8,25.2,Low
924,21,Other,HR Manager,8.8,,67.3,8.6,27.8,0,3,2.2,62.8,51.9,Medium
925,33,Female,HR Manager,5.1,59.2,84.3,7.8,24.6,0,2,3.5,67.1,73.3,Low
926,59,,Data Analyst,12.0,76.4,39.9,6.9,6.7,9,3,2.7,56.7,97.4,Medium
927,59,Female,Data Analyst,3.7,36.4,52.2,3.3,,6,5,4.6,83.8,54.1,High
928,58,Female,Software Engineer,14.6,,40.2,8.0,7.9,8,0,1.9,89.2,36.0,Medium
929,25,Male,HR Manager,5.2,,30.0,6.3,6.2,2,4,1.3,86.5,85.4,Low
930,25,M,Product Manager,5.1,53.6,80.3,7.5,7.9,7,4,3.4,83.1,79.5,Low
931,22,F,Data Analyst,4.7,,27.2,6.4,27.3,8,5,,26.4,88.8,High
932,26,,Team Lead,1.8,69.8,72.3,,27.5,2,3,2.5,63.4,37.2,High
933,27,Male,Product Manager,1.7,39.3,20.6,7.8,9.9,2,4,3.6,62.4,52.4,Medium
934,34,Other,Data Analyst,9.7,41.3,25.0,,21.2,0,2,1.9,57.5,98.5,Low
935,48,F,QA Tester,13.1,25.0,33.6,10.5,20.3,1,4,3.2,53.3,32.6,Medium
936,52,Female,QA Tester,11.9,78.0,58.9,,24.2,6,3,,18.0,73.7,Low
937,49,M,Data Analyst,2.1,75.5,45.4,3.1,8.9,2,5,4.5,19.2,39.0,Low
938,58,Male,HR Manager,8.2,67.1,74.5,,15.3,6,2,1.4,91.2,60.0,Low
939,46,Female,Business Analyst,1.6,,21.4,8.6,20.0,4,2,2.4,66.7,84.0,Low
940,55,M,Business Analyst,0.7,49.6,1.1,5.2,0.8,9,4,3.6,33.6,59.1,Low
941,48,Female,HR Manager,9.8,30.6,77.7,7.6,11.3,7,3,1.1,35.1,84.4,Low
942,57,F,Support Engineer,8.0,,82.2,4.6,20.9,4,4,3.8,64.9,54.1,Low
943,52,F,Business Analyst,1.2,,,5.2,7.6,2,0,3.1,46.6,99.9,Medium
944,56,F,QA Tester,0.5,77.8,61.1,7.0,28.7,8,5,2.2,49.7,54.9,Medium
945,46,Male,Team Lead,14.8,74.7,37.8,,0.9,6,0,4.3,15.5,32.0,Low
946,52,,HR Manager,,63.3,79.4,7.9,28.7,4,2,2.2,22.5,52.1,High
947,23,,Software Engineer,6.7,30.3,,10.5,6.5,6,4,5.0,45.4,79.4,Low
948,41,Female,QA Tester,7.6,40.1,85.1,10.7,1.5,9,0,,73.0,87.8,Low
949,21,Other,Team Lead,1.8,42.6,77.7,4.7,8.8,8,1,3.8,14.3,56.8,Low
950,29,,Team Lead,2.5,67.0,26.9,5.5,23.6,4,0,1.2,40.1,67.6,Medium
951,24,,HR Manager,5.3,69.1,81.2,9.2,22.6,6,4,4.6,72.6,87.6,Low
952,29,F,Team Lead,11.4,46.2,53.3,,6.3,8,4,4.2,81.3,85.1,Low
953,52,Male,HR Manager,7.6,48.0,5.3,7.2,5.9,0,5,1.9,27.1,72.6,Medium
954,57,Female,Business Analyst,9.6,27.4,45.7,10.9,19.3,3,0,2.6,75.8,85.2,Medium
955,32,Male,Data Analyst,14.8,40.9,94.2,3.1,13.7,0,4,2.1,96.0,66.1,Medium
956,50,Female,QA Tester,11.5,,88.8,5.4,23.8,7,4,4.9,91.6,20.4,Medium
957,55,Female,Support Engineer,6.5,31.4,10.2,8.0,0.7,2,5,4.4,81.0,23.3,High
958,43,Male,Data Analyst,,,74.4,6.8,18.3,1,5,4.7,74.1,98.4,Low
959,34,M,QA Tester,9.3,71.9,80.6,3.9,21.9,3,5,4.2,31.2,31.6,Low
960,48,Female,HR Manager,10.0,57.0,27.1,5.9,29.8,2,5,2.8,67.1,52.4,High
961,27,Male,QA Tester,7.5,29.3,47.2,3.2,20.4,4,1,1.8,67.9,94.7,Medium
962,24,,Business Analyst,9.7,35.5,71.1,8.1,7.0,7,2,1.8,46.6,35.6,Medium
963,48,Other,HR Manager,0.4,51.1,43.9,10.1,3.2,9,4,,54.4,87.5,Low
964,23,M,Data Analyst,6.4,44.9,11.3,10.1,19.2,7,3,3.2,72.5,85.5,Low
965,31,F,Software Engineer,4.2,44.7,70.6,8.6,15.7,6,5,4.7,95.7,98.9,Low
966,21,Female,Software Engineer,1.9,54.1,91.2,6.7,27.0,7,2,5.0,36.6,42.5,Low
967,46,Other,Product Manager,1.5,57.1,65.2,7.1,21.8,4,5,2.1,32.2,45.2,Low
968,50,,Product Manager,9.0,68.8,77.4,4.1,15.3,9,2,3.8,64.2,92.2,Low
969,55,F,QA Tester,7.9,43.8,35.8,5.7,12.1,9,3,3.4,21.8,38.7,Medium
970,55,Female,Software Engineer,3.8,69.3,18.3,4.5,12.1,5,0,3.0,62.4,63.8,Low
971,45,Male,HR Manager,7.1,43.6,64.3,9.6,6.8,7,1,3.7,18.0,76.6,Low
972,46,Female,Team Lead,7.4,28.0,32.8,10.3,0.5,0,4,2.5,54.2,41.8,Low
973,24,Other,HR Manager,,55.5,86.0,7.3,17.2,5,0,4.8,65.8,95.1,Low
974,39,F,Team Lead,9.8,,12.3,8.8,6.4,5,3,3.8,16.3,73.3,Low
975,30,Female,Data Analyst,11.7,76.4,43.3,4.0,6.2,4,1,4.0,28.6,23.8,Low
976,29,Male,Support Engineer,11.9,64.9,39.7,7.9,3.8,3,1,2.0,40.2,30.9,Low
977,59,Female,Team Lead,9.0,75.5,93.8,,5.7,0,1,1.7,43.2,35.3,Medium
978,57,M,Software Engineer,7.7,75.0,15.3,6.6,1.0,9,3,2.6,70.8,39.6,Low
979,25,Male,HR Manager,0.9,58.3,1.0,4.9,20.2,7,5,4.1,57.6,78.5,Medium
980,27,Other,Data Analyst,4.3,54.0,23.8,10.0,12.0,5,5,4.8,44.4,27.1,High
981,42,F,Software Engineer,1.4,55.7,82.0,8.9,16.8,2,5,2.7,50.6,48.0,Medium
982,45,Female,Data Analyst,,78.8,20.9,10.2,19.1,2,0,4.1,11.2,92.9,Low
983,31,Male,Support Engineer,,67.5,24.1,9.5,29.2,5,4,,79.3,64.5,Low
984,45,M,Business Analyst,2.3,,13.0,10.9,2.0,6,1,2.2,13.7,41.2,Medium
985,32,,HR Manager,,,71.5,4.5,12.5,7,1,,84.6,96.6,High
986,59,M,QA Tester,14.2,34.4,6.9,3.7,7.4,4,0,4.2,58.7,39.5,High
987,37,Other,HR Manager,11.5,49.6,33.1,5.7,14.3,9,5,1.8,57.5,92.4,Low
988,44,F,Product Manager,0.1,36.6,28.2,4.0,27.6,5,1,2.2,73.4,78.1,Medium
989,52,Other,Support Engineer,0.0,,55.5,,21.7,0,1,3.0,87.4,79.2,High
990,59,,HR Manager,5.7,73.3,73.0,8.1,19.9,5,3,,94.8,81.2,High
991,31,Male,Product Manager,2.2,41.0,,7.6,13.2,8,2,4.7,58.9,60.5,Medium
992,55,M,QA Tester,0.3,29.5,93.1,5.1,20.1,9,0,3.4,23.6,85.2,Low
993,23,M,Team Lead,7.0,,95.1,,1.0,3,0,1.5,89.1,86.9,Low
994,24,Male,Data Analyst,14.1,62.0,36.1,3.2,17.6,9,5,1.7,13.7,48.8,Medium
995,56,Male,QA Tester,4.9,43.1,77.8,5.8,16.6,0,0,,82.7,52.0,Medium
996,27,Female,Software Engineer,9.9,40.3,73.9,8.8,10.4,8,5,4.0,71.2,91.1,High
997,47,Other,Support Engineer,9.8,35.1,89.3,9.1,6.0,3,3,3.9,91.4,62.0,High
998,50,M,Team Lead,3.8,,44.8,6.3,24.2,1,3,1.3,90.8,89.4,Low
999,28,Female,Software Engineer,9.8,40.2,53.0,3.1,1.6,0,4,4.6,14.8,70.1,Medium
1000,48,Other,Software Engineer,3.2,65.2,41.6,7.9,2.1,2,5,2.8,64.9,67.5,Low
